key,tag,player,team,opponent,market,start_time,flagged_at,book,line,price,other_price,model_prob,model_ev,last_seen_at,last_line,last_price,last_other_price,looks
57ad14afc7db1843fd56f5971dadb058|aj little|Reception Yards,baseline,AJ Little,,,Reception Yards,2026-10-07T00:00:00Z,2026-10-06T21:50:54+00:00,fanduel,38.5,-112.0,-112.0,,,2026-10-06T21:50:54+00:00,38.5,-112.0,-112.0,0
57ad14afc7db1843fd56f5971dadb058|aj little|Receptions,baseline,AJ Little,,,Receptions,2026-10-07T00:00:00Z,2026-10-06T21:50:54+00:00,fanduel,3.5,-118.0,-108.0,,,2026-10-06T21:50:54+00:00,3.5,-118.0,-108.0,0
57ad14afc7db1843fd56f5971dadb058|gavin griffin|Reception Yards,baseline,Gavin Griffin,Troy,Southern Miss,Reception Yards,2026-10-07T00:00:00Z,2026-10-06T21:50:54+00:00,betonlineag,5.5,-114.0,-114.0,0.287,,2026-10-06T21:50:54+00:00,5.5,-114.0,-114.0,0
57ad14afc7db1843fd56f5971dadb058|howard kinchen|Reception Yards,baseline,Howard Kinchen,Troy,Southern Miss,Reception Yards,2026-10-07T00:00:00Z,2026-10-06T21:50:54+00:00,fanduel,55.5,-112.0,-112.0,0.3885,,2026-10-06T21:50:54+00:00,55.5,-112.0,-112.0,0
57ad14afc7db1843fd56f5971dadb058|howard kinchen|Receptions,baseline,Howard Kinchen,Troy,Southern Miss,Receptions,2026-10-07T00:00:00Z,2026-10-06T21:50:54+00:00,fanduel,4.5,126.0,-160.0,0.3925,,2026-10-06T21:50:54+00:00,4.5,126.0,-160.0,0
57ad14afc7db1843fd56f5971dadb058|jace petty|Reception Yards,baseline,Jace Petty,Troy,Southern Miss,Reception Yards,2026-10-07T00:00:00Z,2026-10-06T21:50:54+00:00,fanduel,23.5,-112.0,-112.0,0.5795,9.7,2026-10-06T21:50:54+00:00,23.5,-112.0,-112.0,0
57ad14afc7db1843fd56f5971dadb058|jace petty|Receptions,baseline,Jace Petty,Troy,Southern Miss,Receptions,2026-10-07T00:00:00Z,2026-10-06T21:50:54+00:00,fanduel,2.5,120.0,-154.0,0.51,12.2,2026-10-06T21:50:54+00:00,2.5,120.0,-154.0,0
57ad14afc7db1843fd56f5971dadb058|jace petty|Receptions,official,Jace Petty,Troy,Southern Miss,Receptions,2026-10-07T00:00:00Z,2026-10-06T21:50:54+00:00,fanduel,2.5,120.0,-154.0,0.51,12.2,2026-10-06T21:50:54+00:00,2.5,120.0,-154.0,0
57ad14afc7db1843fd56f5971dadb058|mario sanders|Reception Yards,baseline,Mario Sanders,,,Reception Yards,2026-10-07T00:00:00Z,2026-10-06T21:50:54+00:00,fanduel,63.5,-112.0,-112.0,,,2026-10-06T21:50:54+00:00,63.5,-112.0,-112.0,0
57ad14afc7db1843fd56f5971dadb058|mario sanders|Receptions,baseline,Mario Sanders,,,Receptions,2026-10-07T00:00:00Z,2026-10-06T21:50:54+00:00,fanduel,5.5,-108.0,-118.0,,,2026-10-06T21:50:54+00:00,5.5,-108.0,-118.0,0
57ad14afc7db1843fd56f5971dadb058|noreel white|Reception Yards,baseline,Noreel White,Troy,Southern Miss,Reception Yards,2026-10-07T00:00:00Z,2026-10-06T21:50:54+00:00,fanduel,32.5,-112.0,-112.0,0.432,-18.2,2026-10-06T21:50:54+00:00,32.5,-112.0,-112.0,0
57ad14afc7db1843fd56f5971dadb058|noreel white|Receptions,baseline,Noreel White,Troy,Southern Miss,Receptions,2026-10-07T00:00:00Z,2026-10-06T21:50:54+00:00,fanduel,2.5,108.0,-136.0,0.414,,2026-10-06T21:50:54+00:00,2.5,108.0,-136.0,0
57ad14afc7db1843fd56f5971dadb058|preston kilgore|Reception Yards,baseline,Preston Kilgore,,,Reception Yards,2026-10-07T00:00:00Z,2026-10-06T21:50:54+00:00,betonlineag,6.5,-114.0,-114.0,,,2026-10-06T21:50:54+00:00,6.5,-114.0,-114.0,0
57ad14afc7db1843fd56f5971dadb058|steven robinson|Reception Yards,baseline,Steven Robinson,,,Reception Yards,2026-10-07T00:00:00Z,2026-10-06T21:50:54+00:00,betonlineag,5.5,-110.0,-118.0,,,2026-10-06T21:50:54+00:00,5.5,-110.0,-118.0,0
57ad14afc7db1843fd56f5971dadb058|tk keyes|Reception Yards,baseline,TK Keyes,Troy,Southern Miss,Reception Yards,2026-10-07T00:00:00Z,2026-10-06T21:50:54+00:00,fanduel,57.5,-112.0,-112.0,0.474,-10.3,2026-10-06T21:50:54+00:00,57.5,-112.0,-112.0,0
57ad14afc7db1843fd56f5971dadb058|tk keyes|Receptions,baseline,TK Keyes,Troy,Southern Miss,Receptions,2026-10-07T00:00:00Z,2026-10-06T21:50:54+00:00,fanduel,3.5,108.0,-136.0,0.454,-5.6,2026-10-06T21:50:54+00:00,3.5,108.0,-136.0,0
c89488b9c83038e85e02e92481d093fe|brayden munroe|Reception Yards,baseline,Brayden Munroe,Kennesaw State,Jacksonville State,Reception Yards,2026-10-07T23:00:00Z,2026-10-06T21:50:54+00:00,fanduel,38.5,-114.0,-114.0,0.3715,,2026-10-07T18:06:09.186389+00:00,35.5,-114.0,-114.0,3
c89488b9c83038e85e02e92481d093fe|brayden munroe|Receptions,baseline,Brayden Munroe,Kennesaw State,Jacksonville State,Receptions,2026-10-07T23:00:00Z,2026-10-07T15:05:00.497360+00:00,fanduel,2.5,-148.0,112.0,0.5175,-13.3,2026-10-07T18:06:09.186389+00:00,2.5,-148.0,112.0,1
c89488b9c83038e85e02e92481d093fe|darius cannon|Reception Yards,baseline,Darius Cannon,Jacksonville State,Kennesaw State,Reception Yards,2026-10-07T23:00:00Z,2026-10-06T21:50:54+00:00,fanduel,40.5,-114.0,-114.0,0.35,,2026-10-07T18:06:09.186389+00:00,37.5,-114.0,-114.0,3
c89488b9c83038e85e02e92481d093fe|darius cannon|Receptions,baseline,Darius Cannon,Jacksonville State,Kennesaw State,Receptions,2026-10-07T23:00:00Z,2026-10-07T15:05:00.497360+00:00,fanduel,4.5,134.0,-180.0,0.174,,2026-10-07T18:06:09.186389+00:00,4.5,134.0,-180.0,1
c89488b9c83038e85e02e92481d093fe|deondre johnson|Reception Yards,baseline,Deondre Johnson,Jacksonville State,Kennesaw State,Reception Yards,2026-10-07T23:00:00Z,2026-10-06T21:50:54+00:00,fanduel,56.5,-114.0,-114.0,0.327,,2026-10-07T18:06:09.186389+00:00,51.5,-114.0,-114.0,3
c89488b9c83038e85e02e92481d093fe|deondre johnson|Receptions,baseline,Deondre Johnson,Jacksonville State,Kennesaw State,Receptions,2026-10-07T23:00:00Z,2026-10-07T15:05:00.497360+00:00,fanduel,3.5,134.0,-180.0,0.348,,2026-10-07T18:06:09.186389+00:00,3.5,134.0,-180.0,1
c89488b9c83038e85e02e92481d093fe|javon rogers|Reception Yards,baseline,Javon Rogers,Kennesaw State,Jacksonville State,Reception Yards,2026-10-07T23:00:00Z,2026-10-06T21:50:54+00:00,fanduel,41.5,-114.0,-114.0,0.3065,,2026-10-07T18:06:09.186389+00:00,41.5,-114.0,-114.0,3
9aa0a267b153a6cc0d6c3e5746e78213|aj williams|Reception Yards,baseline,AJ Williams,,,Reception Yards,2026-10-07T23:30:00Z,2026-10-06T21:50:54+00:00,fanduel,31.5,-114.0,-114.0,,,2026-10-07T18:06:09.186389+00:00,31.5,-114.0,-114.0,3
9aa0a267b153a6cc0d6c3e5746e78213|aj williams|Receptions,baseline,AJ Williams,,,Receptions,2026-10-07T23:30:00Z,2026-10-07T14:16:07+00:00,fliff,2.5,110.0,-175.0,,,2026-10-07T18:06:09.186389+00:00,2.5,115.0,-180.0,2
9aa0a267b153a6cc0d6c3e5746e78213|anthony carrie|Reception Yards,baseline,Anthony Carrie,Florida International,New Mexico State,Reception Yards,2026-10-07T23:30:00Z,2026-10-06T21:50:54+00:00,betonlineag,14.5,-106.0,-122.0,0.194,,2026-10-07T14:16:07+00:00,11.5,-114.0,-114.0,1
9aa0a267b153a6cc0d6c3e5746e78213|anthony carrie|Receptions,baseline,Anthony Carrie,Florida International,New Mexico State,Receptions,2026-10-07T23:30:00Z,2026-10-07T14:16:07+00:00,fliff,2.5,120.0,-190.0,0.1595,,2026-10-07T18:06:09.186389+00:00,1.5,-210.0,135.0,2
9aa0a267b153a6cc0d6c3e5746e78213|jackson verdugo|Reception Yards,baseline,Jackson Verdugo,Florida International,New Mexico State,Reception Yards,2026-10-07T23:30:00Z,2026-10-06T21:50:54+00:00,betonlineag,14.5,-106.0,-122.0,0.4355,-15.4,2026-10-07T18:06:09.186389+00:00,12.5,-114.0,-114.0,3
9aa0a267b153a6cc0d6c3e5746e78213|jackson verdugo|Receptions,baseline,Jackson Verdugo,Florida International,New Mexico State,Receptions,2026-10-07T23:30:00Z,2026-10-07T14:16:07+00:00,fliff,1.5,-135.0,-115.0,0.42,-26.9,2026-10-07T18:06:09.186389+00:00,1.5,-125.0,-125.0,2
9aa0a267b153a6cc0d6c3e5746e78213|james jones|Reception Yards,baseline,James Jones,New Mexico State,Florida International,Reception Yards,2026-10-07T23:30:00Z,2026-10-07T14:16:07+00:00,fliff,3.5,-130.0,-120.0,0.523,-7.5,2026-10-07T18:06:09.186389+00:00,3.5,-130.0,-120.0,2
9aa0a267b153a6cc0d6c3e5746e78213|james jones|Receptions,baseline,James Jones,New Mexico State,Florida International,Receptions,2026-10-07T23:30:00Z,2026-10-07T14:16:07+00:00,fliff,1.5,165.0,-270.0,0.385,,2026-10-07T18:06:09.186389+00:00,1.5,160.0,-255.0,2
9aa0a267b153a6cc0d6c3e5746e78213|james jones|Receptions,official,James Jones,New Mexico State,Florida International,Receptions,2026-10-07T23:30:00Z,2026-10-07T15:05:00.497360+00:00,fliff,0.5,-275.0,170.0,0.8495,15.8,2026-10-07T18:06:09.186389+00:00,1.5,160.0,-255.0,1
9aa0a267b153a6cc0d6c3e5746e78213|james resar|Reception Yards,baseline,James Resar,Florida International,New Mexico State,Reception Yards,2026-10-07T23:30:00Z,2026-10-06T21:50:54+00:00,betonlineag,24.5,-115.0,-112.0,0.5455,2.0,2026-10-07T18:06:09.186389+00:00,24.5,-125.0,-103.0,3
9aa0a267b153a6cc0d6c3e5746e78213|james resar|Receptions,baseline,James Resar,Florida International,New Mexico State,Receptions,2026-10-07T23:30:00Z,2026-10-06T21:50:54+00:00,betonlineag,2.5,-105.0,-123.0,0.4545,-11.3,2026-10-07T18:06:09.186389+00:00,2.5,-123.0,-105.0,3
9aa0a267b153a6cc0d6c3e5746e78213|jojo stone|Reception Yards,baseline,JoJo Stone,Florida International,New Mexico State,Reception Yards,2026-10-07T23:30:00Z,2026-10-06T21:50:54+00:00,fanduel,41.5,-114.0,-114.0,0.439,-17.6,2026-10-07T18:06:09.186389+00:00,41.5,-114.0,-114.0,3
9aa0a267b153a6cc0d6c3e5746e78213|jojo stone|Receptions,baseline,JoJo Stone,Florida International,New Mexico State,Receptions,2026-10-07T23:30:00Z,2026-10-06T21:50:54+00:00,betonlineag,3.5,136.0,-179.0,0.45,6.2,2026-10-06T21:50:54+00:00,3.5,136.0,-179.0,0
9aa0a267b153a6cc0d6c3e5746e78213|josiah thomas|Reception Yards,baseline,Josiah Thomas,New Mexico State,Florida International,Reception Yards,2026-10-07T23:30:00Z,2026-10-06T21:50:54+00:00,fanduel,34.5,-114.0,-114.0,0.4425,-16.9,2026-10-07T18:06:09.186389+00:00,47.5,-114.0,-114.0,3
9aa0a267b153a6cc0d6c3e5746e78213|josiah thomas|Receptions,baseline,Josiah Thomas,New Mexico State,Florida International,Receptions,2026-10-07T23:30:00Z,2026-10-06T21:50:54+00:00,betonlineag,3.5,110.0,-143.0,0.4225,,2026-10-07T15:05:00.497360+00:00,3.5,139.0,-182.0,2
9aa0a267b153a6cc0d6c3e5746e78213|maguire anderson|Reception Yards,baseline,Maguire Anderson,Florida International,New Mexico State,Reception Yards,2026-10-07T23:30:00Z,2026-10-06T21:50:54+00:00,fanduel,85.5,-114.0,-114.0,0.3225,,2026-10-07T18:06:09.186389+00:00,77.5,-114.0,-114.0,3
9aa0a267b153a6cc0d6c3e5746e78213|maguire anderson|Receptions,baseline,Maguire Anderson,Florida International,New Mexico State,Receptions,2026-10-07T23:30:00Z,2026-10-06T21:50:54+00:00,betonlineag,5.5,-130.0,100.0,0.405,,2026-10-07T15:05:00.497360+00:00,5.5,-128.0,-101.0,2
9aa0a267b153a6cc0d6c3e5746e78213|tk king|Reception Yards,baseline,TK King,,,Reception Yards,2026-10-07T23:30:00Z,2026-10-06T21:50:54+00:00,fanduel,47.5,-114.0,-114.0,,,2026-10-07T18:06:09.186389+00:00,47.5,-114.0,-114.0,3
9aa0a267b153a6cc0d6c3e5746e78213|tk king|Receptions,baseline,TK King,,,Receptions,2026-10-07T23:30:00Z,2026-10-07T14:16:07+00:00,fliff,4.5,-130.0,-120.0,,,2026-10-07T15:05:00.497360+00:00,4.5,-130.0,-120.0,1
9aa0a267b153a6cc0d6c3e5746e78213|tyson carter|Reception Yards,baseline,Tyson Carter,Florida International,New Mexico State,Reception Yards,2026-10-07T23:30:00Z,2026-10-06T21:50:54+00:00,fanduel,34.5,-114.0,-114.0,0.379,,2026-10-07T18:06:09.186389+00:00,24.5,-114.0,-114.0,3
9aa0a267b153a6cc0d6c3e5746e78213|tyson carter|Receptions,baseline,Tyson Carter,Florida International,New Mexico State,Receptions,2026-10-07T23:30:00Z,2026-10-06T21:50:54+00:00,betonlineag,2.5,139.0,-182.0,0.406,,2026-10-07T18:06:09.186389+00:00,2.5,152.0,-200.0,3
561884d0d63e91b022e96bc6c415accd|isaiah myers|Reception Yards,baseline,Isaiah Myers,Missouri State,Western Kentucky,Reception Yards,2026-10-08T23:00:00Z,2026-10-06T21:50:54+00:00,betonlineag,75.5,-110.0,-118.0,0.3115,,2026-10-07T18:06:09.186389+00:00,74.5,-110.0,-118.0,3
561884d0d63e91b022e96bc6c415accd|isaiah myers|Receptions,baseline,Isaiah Myers,Missouri State,Western Kentucky,Receptions,2026-10-08T23:00:00Z,2026-10-06T21:50:54+00:00,betonlineag,5.5,-112.0,-115.0,0.2975,,2026-10-07T15:05:00.497360+00:00,5.5,-105.0,-123.0,2
561884d0d63e91b022e96bc6c415accd|jonathan stafford jr|Reception Yards,baseline,Jonathan Stafford Jr.,Western Kentucky,Missouri State,Reception Yards,2026-10-08T23:00:00Z,2026-10-06T21:50:54+00:00,espnbet,74.5,-120.0,-110.0,0.3345,,2026-10-07T18:06:09.186389+00:00,74.5,-110.0,-120.0,3
561884d0d63e91b022e96bc6c415accd|jonathan stafford jr|Receptions,baseline,Jonathan Stafford Jr.,Western Kentucky,Missouri State,Receptions,2026-10-08T23:00:00Z,2026-10-06T21:50:54+00:00,espnbet,6.5,-125.0,-105.0,0.298,,2026-10-07T18:06:09.186389+00:00,6.5,-130.0,100.0,3
561884d0d63e91b022e96bc6c415accd|mekhi miller|Reception Yards,baseline,Mekhi Miller,Missouri State,Western Kentucky,Reception Yards,2026-10-08T23:00:00Z,2026-10-06T21:50:54+00:00,betonlineag,37.5,-110.0,-118.0,0.394,,2026-10-07T18:06:09.186389+00:00,36.5,-114.0,-114.0,3
561884d0d63e91b022e96bc6c415accd|mekhi miller|Receptions,baseline,Mekhi Miller,Missouri State,Western Kentucky,Receptions,2026-10-08T23:00:00Z,2026-10-06T21:50:54+00:00,betonlineag,3.5,132.0,-172.0,0.291,,2026-10-07T18:06:09.186389+00:00,2.5,-159.0,122.0,3
2a637494f07611db6ba822fb84218d58|aj wilson|Reception Yards,baseline,AJ Wilson,UTSA,South Florida,Reception Yards,2026-10-08T23:30:00Z,2026-10-06T21:50:54+00:00,betonlineag,50.5,-120.0,-108.0,0.3915,,2026-10-07T18:06:09.186389+00:00,38.5,-114.0,-114.0,2
2a637494f07611db6ba822fb84218d58|aj wilson|Receptions,baseline,AJ Wilson,UTSA,South Florida,Receptions,2026-10-08T23:30:00Z,2026-10-06T21:50:54+00:00,betonlineag,4.5,112.0,-145.0,0.2725,,2026-10-07T18:06:09.186389+00:00,3.5,-143.0,110.0,3
2a637494f07611db6ba822fb84218d58|bryson rodgers|Reception Yards,baseline,Bryson Rodgers,South Florida,UTSA,Reception Yards,2026-10-08T23:30:00Z,2026-10-06T21:50:54+00:00,betonlineag,45.5,-112.0,-115.0,0.4205,,2026-10-07T18:06:09.186389+00:00,45.5,-114.0,-114.0,1
2a637494f07611db6ba822fb84218d58|bryson rodgers|Receptions,baseline,Bryson Rodgers,South Florida,UTSA,Receptions,2026-10-08T23:30:00Z,2026-10-07T15:05:00.497360+00:00,betonlineag,3.5,-132.0,102.0,0.5675,-0.3,2026-10-07T18:06:09.186389+00:00,3.5,-133.0,103.0,1
2a637494f07611db6ba822fb84218d58|david amador ii|Reception Yards,baseline,David Amador II,,,Reception Yards,2026-10-08T23:30:00Z,2026-10-06T21:50:54+00:00,betonlineag,45.5,-114.0,-114.0,,,2026-10-07T18:06:09.186389+00:00,42.5,-114.0,-114.0,3
2a637494f07611db6ba822fb84218d58|david amador ii|Receptions,baseline,David Amador II,,,Receptions,2026-10-08T23:30:00Z,2026-10-06T21:50:54+00:00,betonlineag,4.5,-119.0,-109.0,,,2026-10-07T18:06:09.186389+00:00,4.5,-111.0,-116.0,3
2a637494f07611db6ba822fb84218d58|joshua porter|Reception Yards,baseline,Joshua Porter,South Florida,UTSA,Reception Yards,2026-10-08T23:30:00Z,2026-10-06T21:50:54+00:00,betonlineag,48.5,-112.0,-115.0,0.3925,,2026-10-07T18:06:09.186389+00:00,48.5,100.0,-130.0,3
2a637494f07611db6ba822fb84218d58|joshua porter|Receptions,baseline,Joshua Porter,South Florida,UTSA,Receptions,2026-10-08T23:30:00Z,2026-10-07T15:05:00.497360+00:00,betonlineag,3.5,106.0,-137.0,0.4605,-5.1,2026-10-07T18:06:09.186389+00:00,3.5,115.0,-149.0,1
2a637494f07611db6ba822fb84218d58|mekhi anderson|Reception Yards,baseline,Mekhi Anderson,UTSA,South Florida,Reception Yards,2026-10-08T23:30:00Z,2026-10-06T21:50:54+00:00,betonlineag,46.5,-110.0,-118.0,0.4705,-10.2,2026-10-07T15:05:00.497360+00:00,46.5,-110.0,-118.0,1
2a637494f07611db6ba822fb84218d58|mekhi anderson|Receptions,baseline,Mekhi Anderson,UTSA,South Florida,Receptions,2026-10-08T23:30:00Z,2026-10-06T21:50:54+00:00,betonlineag,3.5,-135.0,105.0,0.464,-19.2,2026-10-07T18:06:09.186389+00:00,3.5,-128.0,-101.0,3
2a637494f07611db6ba822fb84218d58|will henderson iii|Reception Yards,baseline,Will Henderson III,UTSA,South Florida,Reception Yards,2026-10-08T23:30:00Z,2026-10-06T21:50:54+00:00,betonlineag,12.5,-112.0,-115.0,0.4045,-23.4,2026-10-07T18:06:09.186389+00:00,10.5,-112.0,-115.0,3
52f2d012fe3e686087077b0d7083159a|anthony eager|Reception Yards,baseline,Anthony Eager,South Alabama,Arkansas State,Reception Yards,2026-10-08T23:30:00Z,2026-10-06T21:50:54+00:00,betonlineag,49.5,-119.0,-109.0,0.5805,6.8,2026-10-07T18:06:09.186389+00:00,45.5,-114.0,-114.0,3
52f2d012fe3e686087077b0d7083159a|anthony eager|Reception Yards,rec_yds_over,Anthony Eager,South Alabama,Arkansas State,Reception Yards,2026-10-08T23:30:00Z,2026-10-07T18:06:09.186389+00:00,betonlineag,45.5,-114.0,-114.0,0.628,17.9,2026-10-07T18:06:09.186389+00:00,45.5,-114.0,-114.0,0
52f2d012fe3e686087077b0d7083159a|anthony eager|Receptions,baseline,Anthony Eager,South Alabama,Arkansas State,Receptions,2026-10-08T23:30:00Z,2026-10-06T21:50:54+00:00,betonlineag,3.5,115.0,-149.0,0.438,,2026-10-07T18:06:09.186389+00:00,3.5,124.0,-161.0,3
52f2d012fe3e686087077b0d7083159a|brendan jenkins|Reception Yards,baseline,Brendan Jenkins,South Alabama,Arkansas State,Reception Yards,2026-10-08T23:30:00Z,2026-10-06T21:50:54+00:00,betonlineag,46.5,-114.0,-114.0,0.6055,13.7,2026-10-07T18:06:09.186389+00:00,46.5,-110.0,-118.0,3
52f2d012fe3e686087077b0d7083159a|brendan jenkins|Reception Yards,rec_yds_over,Brendan Jenkins,South Alabama,Arkansas State,Reception Yards,2026-10-08T23:30:00Z,2026-10-06T21:50:54+00:00,betonlineag,46.5,-114.0,-114.0,0.6055,13.7,2026-10-07T18:06:09.186389+00:00,46.5,-110.0,-118.0,3
52f2d012fe3e686087077b0d7083159a|brendan jenkins|Receptions,baseline,Brendan Jenkins,South Alabama,Arkansas State,Receptions,2026-10-08T23:30:00Z,2026-10-06T21:50:54+00:00,betonlineag,3.5,-105.0,-123.0,0.541,5.6,2026-10-07T18:06:09.186389+00:00,3.5,-101.0,-128.0,3
52f2d012fe3e686087077b0d7083159a|chauncy cobb|Reception Yards,baseline,Chauncy Cobb,Arkansas State,South Alabama,Reception Yards,2026-10-08T23:30:00Z,2026-10-06T21:50:54+00:00,betonlineag,61.5,-112.0,-115.0,0.331,,2026-10-07T18:06:09.186389+00:00,61.5,-115.0,-112.0,3
52f2d012fe3e686087077b0d7083159a|chauncy cobb|Receptions,baseline,Chauncy Cobb,Arkansas State,South Alabama,Receptions,2026-10-08T23:30:00Z,2026-10-07T18:06:09.186389+00:00,betonlineag,5.5,112.0,-145.0,0.303,,2026-10-07T18:06:09.186389+00:00,5.5,112.0,-145.0,0
52f2d012fe3e686087077b0d7083159a|everett hunter|Reception Yards,baseline,Everett Hunter,South Alabama,Arkansas State,Reception Yards,2026-10-08T23:30:00Z,2026-10-07T18:06:09.186389+00:00,betonlineag,6.5,-103.0,-125.0,0.6835,34.7,2026-10-07T18:06:09.186389+00:00,6.5,-103.0,-125.0,0
52f2d012fe3e686087077b0d7083159a|everett hunter|Reception Yards,rec_yds_over,Everett Hunter,South Alabama,Arkansas State,Reception Yards,2026-10-08T23:30:00Z,2026-10-07T18:06:09.186389+00:00,betonlineag,6.5,-103.0,-125.0,0.6835,34.7,2026-10-07T18:06:09.186389+00:00,6.5,-103.0,-125.0,0
52f2d012fe3e686087077b0d7083159a|hunter summers|Reception Yards,baseline,Hunter Summers,Arkansas State,South Alabama,Reception Yards,2026-10-08T23:30:00Z,2026-10-06T21:50:54+00:00,betonlineag,58.5,-114.0,-114.0,0.447,-16.1,2026-10-07T18:06:09.186389+00:00,56.5,-110.0,-118.0,3
52f2d012fe3e686087077b0d7083159a|hunter summers|Receptions,baseline,Hunter Summers,Arkansas State,South Alabama,Receptions,2026-10-08T23:30:00Z,2026-10-07T18:06:09.186389+00:00,betonlineag,4.5,109.0,-141.0,0.3685,,2026-10-07T18:06:09.186389+00:00,4.5,109.0,-141.0,0
52f2d012fe3e686087077b0d7083159a|jaylen bonelli|Reception Yards,baseline,Jaylen Bonelli,Arkansas State,South Alabama,Reception Yards,2026-10-08T23:30:00Z,2026-10-06T21:50:54+00:00,betonlineag,49.5,-118.0,-110.0,0.429,-20.7,2026-10-07T18:06:09.186389+00:00,49.5,-106.0,-122.0,3
52f2d012fe3e686087077b0d7083159a|jaylen bonelli|Receptions,baseline,Jaylen Bonelli,Arkansas State,South Alabama,Receptions,2026-10-08T23:30:00Z,2026-10-07T18:06:09.186389+00:00,betonlineag,3.5,103.0,-133.0,0.4175,,2026-10-07T18:06:09.186389+00:00,3.5,103.0,-133.0,0
52f2d012fe3e686087077b0d7083159a|jeremiah jonesthomas|Reception Yards,baseline,Jeremiah Jones-Thomas,South Alabama,Arkansas State,Reception Yards,2026-10-08T23:30:00Z,2026-10-06T21:50:54+00:00,betonlineag,33.5,-114.0,-114.0,0.597,12.1,2026-10-07T18:06:09.186389+00:00,34.5,-114.0,-114.0,3
52f2d012fe3e686087077b0d7083159a|jeremiah jonesthomas|Reception Yards,rec_yds_over,Jeremiah Jones-Thomas,South Alabama,Arkansas State,Reception Yards,2026-10-08T23:30:00Z,2026-10-06T21:50:54+00:00,betonlineag,33.5,-114.0,-114.0,0.597,12.1,2026-10-07T18:06:09.186389+00:00,34.5,-114.0,-114.0,3
52f2d012fe3e686087077b0d7083159a|jeremiah jonesthomas|Receptions,baseline,Jeremiah Jones-Thomas,South Alabama,Arkansas State,Receptions,2026-10-08T23:30:00Z,2026-10-06T21:50:54+00:00,betonlineag,3.5,104.0,-135.0,0.5785,18.0,2026-10-07T18:06:09.186389+00:00,3.5,106.0,-137.0,3
52f2d012fe3e686087077b0d7083159a|jeremiah jonesthomas|Receptions,official,Jeremiah Jones-Thomas,South Alabama,Arkansas State,Receptions,2026-10-08T23:30:00Z,2026-10-06T21:50:54+00:00,betonlineag,3.5,104.0,-135.0,0.5785,18.0,2026-10-07T18:06:09.186389+00:00,3.5,106.0,-137.0,3
52f2d012fe3e686087077b0d7083159a|keenan phillips|Reception Yards,baseline,Keenan Phillips,South Alabama,Arkansas State,Reception Yards,2026-10-08T23:30:00Z,2026-10-06T21:50:54+00:00,betonlineag,6.5,-106.0,-122.0,0.466,-9.4,2026-10-07T18:06:09.186389+00:00,5.5,100.0,-130.0,3
52f2d012fe3e686087077b0d7083159a|rod gibbs|Reception Yards,baseline,Rod Gibbs,South Alabama,Arkansas State,Reception Yards,2026-10-08T23:30:00Z,2026-10-06T21:50:54+00:00,betonlineag,13.5,-116.0,-111.0,0.62,15.4,2026-10-07T18:06:09.186389+00:00,11.5,-114.0,-114.0,3
52f2d012fe3e686087077b0d7083159a|rod gibbs|Reception Yards,rec_yds_over,Rod Gibbs,South Alabama,Arkansas State,Reception Yards,2026-10-08T23:30:00Z,2026-10-06T21:50:54+00:00,betonlineag,13.5,-116.0,-111.0,0.62,15.4,2026-10-07T18:06:09.186389+00:00,11.5,-114.0,-114.0,3
7556739cc30a38511b7f631581a416e4|duce robinson|Reception Yards,baseline,Duce Robinson,Florida State,Louisville,Reception Yards,2026-10-09T23:00:00Z,2026-10-06T21:50:54+00:00,fanduel,55.5,-114.0,-114.0,0.3795,,2026-10-07T18:06:09.186389+00:00,55.5,-114.0,-114.0,3
7556739cc30a38511b7f631581a416e4|isaac brown|Reception Yards,baseline,Isaac Brown,Louisville,Florida State,Reception Yards,2026-10-09T23:00:00Z,2026-10-07T14:16:07+00:00,betonlineag,8.5,-110.0,-118.0,0.404,-22.9,2026-10-07T18:06:09.186389+00:00,7.5,-116.0,-111.0,2
7556739cc30a38511b7f631581a416e4|jaleel skinner|Reception Yards,baseline,Jaleel Skinner,Louisville,Florida State,Reception Yards,2026-10-09T23:00:00Z,2026-10-06T21:50:54+00:00,fanduel,29.5,-114.0,-114.0,0.593,11.3,2026-10-07T18:06:09.186389+00:00,29.5,-114.0,-114.0,3
7556739cc30a38511b7f631581a416e4|jaleel skinner|Reception Yards,rec_yds_over,Jaleel Skinner,Louisville,Florida State,Reception Yards,2026-10-09T23:00:00Z,2026-10-06T21:50:54+00:00,fanduel,29.5,-114.0,-114.0,0.593,11.3,2026-10-07T18:06:09.186389+00:00,29.5,-114.0,-114.0,3
7556739cc30a38511b7f631581a416e4|jayvan boggs|Reception Yards,baseline,Jayvan Boggs,Florida State,Louisville,Reception Yards,2026-10-09T23:00:00Z,2026-10-06T21:50:54+00:00,fanduel,40.5,-114.0,-114.0,0.458,-14.0,2026-10-07T18:06:09.186389+00:00,40.5,-114.0,-114.0,3
7556739cc30a38511b7f631581a416e4|lawayne mccoy|Reception Yards,baseline,Lawayne McCoy,Louisville,Florida State,Reception Yards,2026-10-09T23:00:00Z,2026-10-06T21:50:54+00:00,fanduel,47.5,-114.0,-114.0,0.5445,2.2,2026-10-07T18:06:09.186389+00:00,47.5,-114.0,-114.0,3
7556739cc30a38511b7f631581a416e4|micahi danzy|Reception Yards,baseline,Micahi Danzy,Florida State,Louisville,Reception Yards,2026-10-09T23:00:00Z,2026-10-06T21:50:54+00:00,fanduel,39.5,-114.0,-114.0,0.379,,2026-10-07T18:06:09.186389+00:00,39.5,-114.0,-114.0,3
7556739cc30a38511b7f631581a416e4|ousmane kromah|Reception Yards,baseline,Ousmane Kromah,Florida State,Louisville,Reception Yards,2026-10-09T23:00:00Z,2026-10-07T14:16:07+00:00,betonlineag,11.5,-116.0,-111.0,0.3145,,2026-10-07T18:06:09.186389+00:00,11.5,-114.0,-114.0,2
7556739cc30a38511b7f631581a416e4|tre richardson|Reception Yards,baseline,Tre Richardson,Louisville,Florida State,Reception Yards,2026-10-09T23:00:00Z,2026-10-06T21:50:54+00:00,fanduel,63.5,-114.0,-118.0,0.524,-1.6,2026-10-07T18:06:09.186389+00:00,63.5,-114.0,-118.0,3
7556739cc30a38511b7f631581a416e4|treyshun hurry|Reception Yards,baseline,TreyShun Hurry,Louisville,Florida State,Reception Yards,2026-10-09T23:00:00Z,2026-10-06T21:50:54+00:00,fanduel,43.5,-114.0,-114.0,0.5315,-0.2,2026-10-07T18:06:09.186389+00:00,43.5,-114.0,-114.0,3
a168f1bed30ce7d56dc2b77dbfe37705|addison ostrenga|Reception Yards,baseline,Addison Ostrenga,Iowa,Washington,Reception Yards,2026-10-10T01:00:00Z,2026-10-07T14:16:07+00:00,betonlineag,8.5,-112.0,-115.0,0.6395,21.0,2026-10-07T18:06:09.186389+00:00,8.5,-118.0,-110.0,2
a168f1bed30ce7d56dc2b77dbfe37705|addison ostrenga|Reception Yards,rec_yds_over,Addison Ostrenga,Iowa,Washington,Reception Yards,2026-10-10T01:00:00Z,2026-10-07T14:16:07+00:00,betonlineag,8.5,-112.0,-115.0,0.6395,21.0,2026-10-07T18:06:09.186389+00:00,8.5,-118.0,-110.0,2
a168f1bed30ce7d56dc2b77dbfe37705|addison ostrenga|Receptions,baseline,Addison Ostrenga,Iowa,Washington,Receptions,2026-10-10T01:00:00Z,2026-10-07T14:16:07+00:00,fliff,1.5,140.0,-225.0,0.569,36.6,2026-10-07T18:06:09.186389+00:00,1.5,140.0,-220.0,2
a168f1bed30ce7d56dc2b77dbfe37705|addison ostrenga|Receptions,capped,Addison Ostrenga,Iowa,Washington,Receptions,2026-10-10T01:00:00Z,2026-10-07T14:16:07+00:00,fliff,1.5,140.0,-225.0,0.569,36.6,2026-10-07T18:06:09.186389+00:00,1.5,140.0,-220.0,2
a168f1bed30ce7d56dc2b77dbfe37705|baron naone|Reception Yards,baseline,Baron Naone,Washington,Iowa,Reception Yards,2026-10-10T01:00:00Z,2026-10-07T14:16:07+00:00,fanduel,34.5,-112.0,-118.0,0.441,-16.5,2026-10-07T18:06:09.186389+00:00,34.5,-112.0,-118.0,2
a168f1bed30ce7d56dc2b77dbfe37705|baron naone|Receptions,baseline,Baron Naone,Washington,Iowa,Receptions,2026-10-10T01:00:00Z,2026-10-07T14:16:07+00:00,betonlineag,2.5,-105.0,-123.0,0.4745,-7.4,2026-10-07T18:06:09.186389+00:00,2.5,103.0,-133.0,2
a168f1bed30ce7d56dc2b77dbfe37705|brian bonner jr|Reception Yards,baseline,Brian Bonner Jr.,Washington,Iowa,Reception Yards,2026-10-10T01:00:00Z,2026-10-07T14:16:07+00:00,fliff,4.5,-115.0,-135.0,0.317,-40.7,2026-10-07T14:16:07+00:00,4.5,-115.0,-135.0,0
a168f1bed30ce7d56dc2b77dbfe37705|brian bonner jr|Receptions,baseline,Brian Bonner Jr.,Washington,Iowa,Receptions,2026-10-10T01:00:00Z,2026-10-07T14:16:07+00:00,fliff,1.5,165.0,-270.0,0.1955,,2026-10-07T14:16:07+00:00,1.5,165.0,-270.0,0
a168f1bed30ce7d56dc2b77dbfe37705|chris lawson|Reception Yards,baseline,Chris Lawson,Washington,Iowa,Reception Yards,2026-10-10T01:00:00Z,2026-10-07T14:16:07+00:00,fanduel,49.5,-114.0,-114.0,0.459,-13.8,2026-10-07T18:06:09.186389+00:00,49.5,-114.0,-114.0,2
a168f1bed30ce7d56dc2b77dbfe37705|chris lawson|Receptions,baseline,Chris Lawson,Washington,Iowa,Receptions,2026-10-10T01:00:00Z,2026-10-07T14:16:07+00:00,fanduel,3.5,-118.0,-112.0,0.5265,-2.7,2026-10-07T18:06:09.186389+00:00,3.5,-118.0,-112.0,2
a168f1bed30ce7d56dc2b77dbfe37705|decker degraaf|Reception Yards,baseline,Decker DeGraaf,Washington,Iowa,Reception Yards,2026-10-10T01:00:00Z,2026-10-07T14:16:07+00:00,fanduel,20.5,-118.0,-112.0,0.522,-3.6,2026-10-07T18:06:09.186389+00:00,20.5,-118.0,-112.0,2
a168f1bed30ce7d56dc2b77dbfe37705|decker degraaf|Receptions,baseline,Decker DeGraaf,Washington,Iowa,Receptions,2026-10-10T01:00:00Z,2026-10-07T14:16:07+00:00,betonlineag,2.5,118.0,-154.0,0.287,,2026-10-07T18:06:09.186389+00:00,2.5,118.0,-154.0,2
a168f1bed30ce7d56dc2b77dbfe37705|dezmen roebuck|Reception Yards,baseline,Dezmen Roebuck,Washington,Iowa,Reception Yards,2026-10-10T01:00:00Z,2026-10-07T14:16:07+00:00,fanduel,57.5,-114.0,-114.0,0.48,-9.9,2026-10-07T18:06:09.186389+00:00,57.5,-114.0,-114.0,2
a168f1bed30ce7d56dc2b77dbfe37705|dezmen roebuck|Receptions,baseline,Dezmen Roebuck,Washington,Iowa,Receptions,2026-10-10T01:00:00Z,2026-10-07T14:16:07+00:00,fanduel,5.5,-172.0,128.0,0.578,-8.6,2026-10-07T18:06:09.186389+00:00,5.5,-172.0,128.0,2
a168f1bed30ce7d56dc2b77dbfe37705|dj vonnahme|Reception Yards,baseline,DJ Vonnahme,Iowa,Washington,Reception Yards,2026-10-10T01:00:00Z,2026-10-07T14:16:07+00:00,fanduel,31.5,-114.0,-114.0,0.442,-17.0,2026-10-07T18:06:09.186389+00:00,31.5,-114.0,-114.0,2
a168f1bed30ce7d56dc2b77dbfe37705|dj vonnahme|Receptions,baseline,DJ Vonnahme,Iowa,Washington,Receptions,2026-10-10T01:00:00Z,2026-10-07T14:16:07+00:00,betonlineag,3.5,104.0,-135.0,0.3585,,2026-10-07T18:06:09.186389+00:00,3.5,-105.0,-123.0,2
a168f1bed30ce7d56dc2b77dbfe37705|evan james|Reception Yards,baseline,Evan James,Iowa,Washington,Reception Yards,2026-10-10T01:00:00Z,2026-10-07T14:16:07+00:00,betonlineag,13.5,-112.0,-115.0,0.6295,19.2,2026-10-07T18:06:09.186389+00:00,14.5,-108.0,-120.0,2
a168f1bed30ce7d56dc2b77dbfe37705|evan james|Reception Yards,rec_yds_over,Evan James,Iowa,Washington,Reception Yards,2026-10-10T01:00:00Z,2026-10-07T14:16:07+00:00,betonlineag,13.5,-112.0,-115.0,0.6295,19.2,2026-10-07T18:06:09.186389+00:00,14.5,-108.0,-120.0,2
a168f1bed30ce7d56dc2b77dbfe37705|evan james|Receptions,baseline,Evan James,Iowa,Washington,Receptions,2026-10-10T01:00:00Z,2026-10-07T14:16:07+00:00,fliff,1.5,-125.0,-125.0,0.619,11.4,2026-10-07T18:06:09.186389+00:00,1.5,-125.0,-125.0,2
a168f1bed30ce7d56dc2b77dbfe37705|evan james|Receptions,official,Evan James,Iowa,Washington,Receptions,2026-10-10T01:00:00Z,2026-10-07T14:16:07+00:00,fliff,1.5,-125.0,-125.0,0.619,11.4,2026-10-07T18:06:09.186389+00:00,1.5,-125.0,-125.0,2
a168f1bed30ce7d56dc2b77dbfe37705|kamari moulton|Reception Yards,baseline,Kamari Moulton,Iowa,Washington,Reception Yards,2026-10-10T01:00:00Z,2026-10-07T14:16:07+00:00,betonlineag,9.5,-106.0,-122.0,0.36,,2026-10-07T18:06:09.186389+00:00,8.5,-118.0,-110.0,2
a168f1bed30ce7d56dc2b77dbfe37705|kamari moulton|Receptions,baseline,Kamari Moulton,Iowa,Washington,Receptions,2026-10-10T01:00:00Z,2026-10-07T14:16:07+00:00,fliff,1.5,-130.0,-120.0,0.385,,2026-10-07T18:06:09.186389+00:00,1.5,-125.0,-120.0,2
a168f1bed30ce7d56dc2b77dbfe37705|reece vander zee|Reception Yards,baseline,Reece Vander Zee,Iowa,Washington,Reception Yards,2026-10-10T01:00:00Z,2026-10-07T14:16:07+00:00,fanduel,23.5,-114.0,-114.0,0.6745,26.6,2026-10-07T18:06:09.186389+00:00,23.5,-114.0,-114.0,2
a168f1bed30ce7d56dc2b77dbfe37705|reece vander zee|Reception Yards,rec_yds_over,Reece Vander Zee,Iowa,Washington,Reception Yards,2026-10-10T01:00:00Z,2026-10-07T14:16:07+00:00,hardrockbet,22.5,-115.0,-115.0,0.694,29.7,2026-10-07T15:05:00.497360+00:00,22.5,-115.0,-115.0,1
a168f1bed30ce7d56dc2b77dbfe37705|reece vander zee|Receptions,baseline,Reece Vander Zee,Iowa,Washington,Receptions,2026-10-10T01:00:00Z,2026-10-07T14:16:07+00:00,betonlineag,2.5,141.0,-185.0,0.587,41.5,2026-10-07T18:06:09.186389+00:00,1.5,-185.0,140.0,2
a168f1bed30ce7d56dc2b77dbfe37705|reece vander zee|Receptions,capped,Reece Vander Zee,Iowa,Washington,Receptions,2026-10-10T01:00:00Z,2026-10-07T14:16:07+00:00,betonlineag,2.5,141.0,-185.0,0.587,41.5,2026-10-07T18:06:09.186389+00:00,1.5,-185.0,140.0,2
a168f1bed30ce7d56dc2b77dbfe37705|tony diaz|Reception Yards,baseline,Tony Diaz,Iowa,Washington,Reception Yards,2026-10-10T01:00:00Z,2026-10-07T14:16:07+00:00,fanduel,46.5,-112.0,-118.0,0.542,2.6,2026-10-07T18:06:09.186389+00:00,46.5,-112.0,-118.0,2
a168f1bed30ce7d56dc2b77dbfe37705|tony diaz|Receptions,baseline,Tony Diaz,Iowa,Washington,Receptions,2026-10-10T01:00:00Z,2026-10-07T14:16:07+00:00,betonlineag,4.5,-118.0,-110.0,0.4355,,2026-10-07T18:06:09.186389+00:00,4.5,-114.0,-114.0,2
55d9636153ca5741d460ef2f78b663d9|cody jackson|Reception Yards,baseline,Cody Jackson,Iowa State,BYU,Reception Yards,2026-10-10T02:15:00Z,2026-10-06T21:50:54+00:00,fanduel,30.5,-112.0,-118.0,0.637,20.6,2026-10-07T18:06:09.186389+00:00,30.5,-112.0,-118.0,3
55d9636153ca5741d460ef2f78b663d9|cody jackson|Reception Yards,rec_yds_over,Cody Jackson,Iowa State,BYU,Reception Yards,2026-10-10T02:15:00Z,2026-10-06T21:50:54+00:00,betonlineag,21.5,-114.0,-114.0,0.749,40.6,2026-10-07T18:06:09.186389+00:00,27.5,-114.0,-114.0,3
55d9636153ca5741d460ef2f78b663d9|cody jackson|Receptions,baseline,Cody Jackson,Iowa State,BYU,Receptions,2026-10-10T02:15:00Z,2026-10-07T14:16:07+00:00,betonlineag,2.5,124.0,-161.0,0.6365,42.6,2026-10-07T18:06:09.186389+00:00,2.5,100.0,-130.0,2
55d9636153ca5741d460ef2f78b663d9|cody jackson|Receptions,capped,Cody Jackson,Iowa State,BYU,Receptions,2026-10-10T02:15:00Z,2026-10-07T14:16:07+00:00,betonlineag,2.5,124.0,-161.0,0.6365,42.6,2026-10-07T18:06:09.186389+00:00,2.5,100.0,-130.0,2
55d9636153ca5741d460ef2f78b663d9|cody jackson|Receptions,official,Cody Jackson,Iowa State,BYU,Receptions,2026-10-10T02:15:00Z,2026-10-07T15:05:00.497360+00:00,betonlineag,2.5,100.0,-130.0,0.6365,27.3,2026-10-07T18:06:09.186389+00:00,2.5,100.0,-130.0,1
55d9636153ca5741d460ef2f78b663d9|dominic overby|Reception Yards,baseline,Dominic Overby,Iowa State,BYU,Reception Yards,2026-10-10T02:15:00Z,2026-10-07T14:16:07+00:00,betonlineag,24.5,-116.0,-111.0,0.6505,21.1,2026-10-07T18:06:09.186389+00:00,24.5,-115.0,-112.0,2
55d9636153ca5741d460ef2f78b663d9|dominic overby|Reception Yards,rec_yds_over,Dominic Overby,Iowa State,BYU,Reception Yards,2026-10-10T02:15:00Z,2026-10-07T14:16:07+00:00,betonlineag,24.5,-116.0,-111.0,0.6505,21.1,2026-10-07T18:06:09.186389+00:00,24.5,-115.0,-112.0,2
55d9636153ca5741d460ef2f78b663d9|dominic overby|Receptions,baseline,Dominic Overby,Iowa State,BYU,Receptions,2026-10-10T02:15:00Z,2026-10-07T14:16:07+00:00,betonlineag,1.5,-192.0,146.0,0.8055,22.5,2026-10-07T18:06:09.186389+00:00,1.5,-192.0,146.0,2
55d9636153ca5741d460ef2f78b663d9|dominic overby|Receptions,official,Dominic Overby,Iowa State,BYU,Receptions,2026-10-10T02:15:00Z,2026-10-07T14:16:07+00:00,betonlineag,1.5,-192.0,146.0,0.8055,22.5,2026-10-07T18:06:09.186389+00:00,1.5,-192.0,146.0,2
55d9636153ca5741d460ef2f78b663d9|jojo phillips|Reception Yards,baseline,Jojo Phillips,BYU,Iowa State,Reception Yards,2026-10-10T02:15:00Z,2026-10-06T21:50:54+00:00,betonlineag,24.5,-114.0,-114.0,0.425,-20.2,2026-10-07T18:06:09.186389+00:00,24.5,-114.0,-114.0,3
55d9636153ca5741d460ef2f78b663d9|jojo phillips|Receptions,baseline,Jojo Phillips,BYU,Iowa State,Receptions,2026-10-10T02:15:00Z,2026-10-06T21:50:54+00:00,betonlineag,2.5,109.0,-141.0,0.294,,2026-10-07T18:06:09.186389+00:00,2.5,120.0,-156.0,3
55d9636153ca5741d460ef2f78b663d9|kyler kasper|Reception Yards,baseline,Kyler Kasper,BYU,Iowa State,Reception Yards,2026-10-10T02:15:00Z,2026-10-06T21:50:54+00:00,fanduel,37.5,-114.0,-114.0,0.4575,-14.1,2026-10-07T18:06:09.186389+00:00,37.5,-114.0,-114.0,3
55d9636153ca5741d460ef2f78b663d9|kyler kasper|Receptions,baseline,Kyler Kasper,BYU,Iowa State,Receptions,2026-10-10T02:15:00Z,2026-10-06T21:50:54+00:00,betonlineag,2.5,-169.0,130.0,0.5205,-17.2,2026-10-07T18:06:09.186389+00:00,2.5,-159.0,122.0,3
55d9636153ca5741d460ef2f78b663d9|legend glasker|Reception Yards,baseline,Legend Glasker,BYU,Iowa State,Reception Yards,2026-10-10T02:15:00Z,2026-10-06T21:50:54+00:00,fanduel,44.5,-114.0,-114.0,0.4265,-19.9,2026-10-07T18:06:09.186389+00:00,44.5,-114.0,-114.0,3
55d9636153ca5741d460ef2f78b663d9|legend glasker|Receptions,baseline,Legend Glasker,BYU,Iowa State,Receptions,2026-10-10T02:15:00Z,2026-10-06T21:50:54+00:00,betonlineag,4.5,122.0,-159.0,0.3195,,2026-10-07T18:06:09.186389+00:00,3.5,-149.0,115.0,3
55d9636153ca5741d460ef2f78b663d9|omari hayes|Reception Yards,baseline,Omari Hayes,Iowa State,BYU,Reception Yards,2026-10-10T02:15:00Z,2026-10-06T21:50:54+00:00,fanduel,31.5,-114.0,-114.0,0.5295,-0.6,2026-10-07T18:06:09.186389+00:00,31.5,-114.0,-114.0,3
55d9636153ca5741d460ef2f78b663d9|omari hayes|Reception Yards,rec_yds_over,Omari Hayes,Iowa State,BYU,Reception Yards,2026-10-10T02:15:00Z,2026-10-06T21:50:54+00:00,hardrockbet,27.5,-115.0,-115.0,0.5995,12.1,2026-10-06T21:50:54+00:00,27.5,-115.0,-115.0,0
55d9636153ca5741d460ef2f78b663d9|omari hayes|Receptions,baseline,Omari Hayes,Iowa State,BYU,Receptions,2026-10-10T02:15:00Z,2026-10-07T14:16:07+00:00,betonlineag,3.5,120.0,-156.0,0.444,,2026-10-07T18:06:09.186389+00:00,3.5,120.0,-156.0,2
55d9636153ca5741d460ef2f78b663d9|walker lyons|Reception Yards,baseline,Walker Lyons,BYU,Iowa State,Reception Yards,2026-10-10T02:15:00Z,2026-10-06T21:50:54+00:00,betonlineag,20.5,-110.0,-118.0,0.455,-13.1,2026-10-07T18:06:09.186389+00:00,19.5,-111.0,-116.0,3
55d9636153ca5741d460ef2f78b663d9|walker lyons|Receptions,baseline,Walker Lyons,BYU,Iowa State,Receptions,2026-10-10T02:15:00Z,2026-10-06T21:50:54+00:00,betonlineag,2.5,109.0,-141.0,0.287,,2026-10-07T18:06:09.186389+00:00,2.5,120.0,-156.0,3
3e691b53c660a64495a44816768176e8|charlie becker|Reception Yards,baseline,Charlie Becker,Indiana,Nebraska,Reception Yards,2026-10-10T16:00:00Z,2026-10-07T14:16:07+00:00,fanduel,82.5,-114.0,-114.0,0.354,,2026-10-07T18:06:09.186389+00:00,82.5,-114.0,-114.0,2
3e691b53c660a64495a44816768176e8|charlie becker|Receptions,baseline,Charlie Becker,Indiana,Nebraska,Receptions,2026-10-10T16:00:00Z,2026-10-07T18:06:09.186389+00:00,betonlineag,5.5,-132.0,102.0,0.3945,,2026-10-07T18:06:09.186389+00:00,5.5,-132.0,102.0,0
3e691b53c660a64495a44816768176e8|jacory barney jr|Reception Yards,baseline,Jacory Barney Jr.,Nebraska,Indiana,Reception Yards,2026-10-10T16:00:00Z,2026-10-06T21:50:54+00:00,fliff,28.5,-120.0,-130.0,0.4975,-8.8,2026-10-07T15:05:00.497360+00:00,29.5,-125.0,-125.0,2
3e691b53c660a64495a44816768176e8|jacory barney jr|Receptions,baseline,Jacory Barney Jr.,Nebraska,Indiana,Receptions,2026-10-10T16:00:00Z,2026-10-06T21:50:54+00:00,fliff,2.5,-150.0,-105.0,0.504,-16.0,2026-10-06T21:50:54+00:00,2.5,-150.0,-105.0,0
3e691b53c660a64495a44816768176e8|jamal rule|Reception Yards,baseline,Jamal Rule,Nebraska,Indiana,Reception Yards,2026-10-10T16:00:00Z,2026-10-07T18:06:09.186389+00:00,fliff,2.5,-130.0,-120.0,0.6195,9.6,2026-10-07T18:06:09.186389+00:00,2.5,-130.0,-120.0,0
3e691b53c660a64495a44816768176e8|jamal rule|Receptions,baseline,Jamal Rule,Nebraska,Indiana,Receptions,2026-10-10T16:00:00Z,2026-10-07T18:06:09.186389+00:00,fliff,0.5,-200.0,125.0,0.8495,27.4,2026-10-07T18:06:09.186389+00:00,0.5,-200.0,125.0,0
3e691b53c660a64495a44816768176e8|jamal rule|Receptions,official,Jamal Rule,Nebraska,Indiana,Receptions,2026-10-10T16:00:00Z,2026-10-07T18:06:09.186389+00:00,fliff,0.5,-200.0,125.0,0.8495,27.4,2026-10-07T18:06:09.186389+00:00,0.5,-200.0,125.0,0
3e691b53c660a64495a44816768176e8|kwazi gilmer|Reception Yards,baseline,Kwazi Gilmer,Nebraska,Indiana,Reception Yards,2026-10-10T16:00:00Z,2026-10-06T21:50:54+00:00,fliff,61.5,-125.0,-125.0,0.531,-4.4,2026-10-06T21:50:54+00:00,61.5,-125.0,-125.0,0
3e691b53c660a64495a44816768176e8|kwazi gilmer|Receptions,baseline,Kwazi Gilmer,Nebraska,Indiana,Receptions,2026-10-10T16:00:00Z,2026-10-06T21:50:54+00:00,fliff,4.5,-180.0,115.0,0.59,-8.2,2026-10-06T21:50:54+00:00,4.5,-180.0,115.0,0
3e691b53c660a64495a44816768176e8|luke lindenmeyer|Reception Yards,baseline,Luke Lindenmeyer,Nebraska,Indiana,Reception Yards,2026-10-10T16:00:00Z,2026-10-06T21:50:54+00:00,fliff,19.5,-130.0,-120.0,0.5405,-4.4,2026-10-06T21:50:54+00:00,19.5,-130.0,-120.0,0
3e691b53c660a64495a44816768176e8|luke lindenmeyer|Receptions,baseline,Luke Lindenmeyer,Nebraska,Indiana,Receptions,2026-10-10T16:00:00Z,2026-10-06T21:50:54+00:00,fliff,2.5,125.0,-195.0,0.4545,2.3,2026-10-06T21:50:54+00:00,2.5,125.0,-195.0,0
3e691b53c660a64495a44816768176e8|nick marsh|Reception Yards,baseline,Nick Marsh,Indiana,Nebraska,Reception Yards,2026-10-10T16:00:00Z,2026-10-07T14:16:07+00:00,fanduel,57.5,-114.0,-114.0,0.4335,-18.6,2026-10-07T18:06:09.186389+00:00,57.5,-114.0,-114.0,2
3e691b53c660a64495a44816768176e8|nick marsh|Receptions,baseline,Nick Marsh,Indiana,Nebraska,Receptions,2026-10-10T16:00:00Z,2026-10-07T18:06:09.186389+00:00,betonlineag,4.5,-143.0,110.0,0.4115,,2026-10-07T18:06:09.186389+00:00,4.5,-143.0,110.0,0
3e691b53c660a64495a44816768176e8|nyziah hunter|Reception Yards,baseline,Nyziah Hunter,Nebraska,Indiana,Reception Yards,2026-10-10T16:00:00Z,2026-10-06T21:50:54+00:00,fliff,23.5,-130.0,-120.0,0.371,,2026-10-07T18:06:09.186389+00:00,23.5,-125.0,-125.0,2
3e691b53c660a64495a44816768176e8|nyziah hunter|Receptions,baseline,Nyziah Hunter,Nebraska,Indiana,Receptions,2026-10-10T16:00:00Z,2026-10-06T21:50:54+00:00,fliff,2.5,-125.0,-125.0,0.338,,2026-10-06T21:50:54+00:00,2.5,-125.0,-125.0,0
416ce0307b7b9d97f5365a29c1729339|antonio meeks|Reception Yards,baseline,Antonio Meeks,Wake Forest,NC State,Reception Yards,2026-10-10T16:00:00Z,2026-10-07T14:16:07+00:00,betonlineag,25.5,-112.0,-115.0,0.529,0.1,2026-10-07T18:06:09.186389+00:00,25.5,-114.0,-114.0,2
416ce0307b7b9d97f5365a29c1729339|antonio meeks|Receptions,baseline,Antonio Meeks,Wake Forest,NC State,Receptions,2026-10-10T16:00:00Z,2026-10-07T14:16:07+00:00,betonlineag,1.5,-169.0,130.0,0.657,4.6,2026-10-07T18:06:09.186389+00:00,1.5,-172.0,132.0,2
416ce0307b7b9d97f5365a29c1729339|carlos hernandez|Reception Yards,baseline,Carlos Hernandez,Wake Forest,NC State,Reception Yards,2026-10-10T16:00:00Z,2026-10-07T14:16:07+00:00,betonlineag,96.5,-110.0,-118.0,0.3395,,2026-10-07T18:06:09.186389+00:00,96.5,-110.0,-118.0,2
416ce0307b7b9d97f5365a29c1729339|carlos hernandez|Receptions,baseline,Carlos Hernandez,Wake Forest,NC State,Receptions,2026-10-10T16:00:00Z,2026-10-07T14:16:07+00:00,betonlineag,7.5,-119.0,-109.0,0.327,,2026-10-07T18:06:09.186389+00:00,7.5,-119.0,-109.0,2
416ce0307b7b9d97f5365a29c1729339|davion gause|Reception Yards,baseline,Davion Gause,NC State,Wake Forest,Reception Yards,2026-10-10T16:00:00Z,2026-10-07T14:16:07+00:00,betonlineag,15.5,-108.0,-120.0,0.467,-10.1,2026-10-07T18:06:09.186389+00:00,15.5,-115.0,-112.0,2
416ce0307b7b9d97f5365a29c1729339|joshisa trader|Reception Yards,baseline,Joshisa Trader,NC State,Wake Forest,Reception Yards,2026-10-10T16:00:00Z,2026-10-07T14:16:07+00:00,betonlineag,40.5,-110.0,-118.0,0.362,,2026-10-07T18:06:09.186389+00:00,40.5,-111.0,-116.0,2
416ce0307b7b9d97f5365a29c1729339|keenan jackson|Reception Yards,baseline,Keenan Jackson,,,Reception Yards,2026-10-10T16:00:00Z,2026-10-07T14:16:07+00:00,betonlineag,59.5,-115.0,-112.0,,,2026-10-07T18:06:09.186389+00:00,59.5,-115.0,-112.0,2
416ce0307b7b9d97f5365a29c1729339|preston douglas|Reception Yards,baseline,Preston Douglas,NC State,Wake Forest,Reception Yards,2026-10-10T16:00:00Z,2026-10-07T14:16:07+00:00,betonlineag,42.5,-114.0,-114.0,0.415,,2026-10-07T18:06:09.186389+00:00,49.5,115.0,-149.0,2
416ce0307b7b9d97f5365a29c1729339|victor snow|Reception Yards,baseline,Victor Snow,NC State,Wake Forest,Reception Yards,2026-10-10T16:00:00Z,2026-10-07T14:16:07+00:00,betonlineag,20.5,-111.0,-116.0,0.4685,-10.9,2026-10-07T18:06:09.186389+00:00,20.5,-110.0,-118.0,2
5d7901b0ad44ffe1b92e18fc8d511a7e|dj epps|Reception Yards,baseline,DJ Epps,West Virginia,Arizona,Reception Yards,2026-10-10T16:00:00Z,2026-10-07T14:16:07+00:00,betonlineag,47.5,-110.0,-118.0,0.5765,10.1,2026-10-07T18:06:09.186389+00:00,46.5,-112.0,-115.0,2
5d7901b0ad44ffe1b92e18fc8d511a7e|dj epps|Reception Yards,rec_yds_over,DJ Epps,West Virginia,Arizona,Reception Yards,2026-10-10T16:00:00Z,2026-10-07T14:16:07+00:00,betonlineag,47.5,-110.0,-118.0,0.5765,10.1,2026-10-07T18:06:09.186389+00:00,46.5,-112.0,-115.0,2
690e2edaba34c383d2ebfa8f8394f973|caleb hawkins|Reception Yards,baseline,Caleb Hawkins,Oklahoma State,UCF,Reception Yards,2026-10-10T16:00:00Z,2026-10-06T21:50:54+00:00,fliff,21.5,-125.0,-125.0,0.2505,,2026-10-07T18:06:09.186389+00:00,21.5,-120.0,-130.0,3
690e2edaba34c383d2ebfa8f8394f973|carson kolb|Reception Yards,baseline,Carson Kolb,Oklahoma State,UCF,Reception Yards,2026-10-10T16:00:00Z,2026-10-06T21:50:54+00:00,fliff,14.5,-120.0,-130.0,0.574,5.2,2026-10-07T15:05:00.497360+00:00,14.5,-120.0,-130.0,2
690e2edaba34c383d2ebfa8f8394f973|carson kolb|Reception Yards,rec_yds_over,Carson Kolb,Oklahoma State,UCF,Reception Yards,2026-10-10T16:00:00Z,2026-10-07T14:16:07+00:00,betonlineag,13.5,-112.0,-115.0,0.6035,14.2,2026-10-07T18:06:09.186389+00:00,13.5,-114.0,-114.0,2
690e2edaba34c383d2ebfa8f8394f973|josh derry|Reception Yards,baseline,Josh Derry,,,Reception Yards,2026-10-10T16:00:00Z,2026-10-06T21:50:54+00:00,fliff,46.5,-125.0,-125.0,,,2026-10-07T18:06:09.186389+00:00,44.5,-130.0,-120.0,1
690e2edaba34c383d2ebfa8f8394f973|justin bowick|Reception Yards,baseline,Justin Bowick,Oklahoma State,UCF,Reception Yards,2026-10-10T16:00:00Z,2026-10-06T21:50:54+00:00,fliff,62.5,-125.0,-125.0,0.5775,4.0,2026-10-06T21:50:54+00:00,62.5,-125.0,-125.0,0
690e2edaba34c383d2ebfa8f8394f973|justin bowick|Reception Yards,rec_yds_over,Justin Bowick,Oklahoma State,UCF,Reception Yards,2026-10-10T16:00:00Z,2026-10-07T14:16:07+00:00,betonlineag,60.5,-116.0,-111.0,0.6015,12.0,2026-10-07T18:06:09.186389+00:00,60.5,-111.0,-116.0,2
690e2edaba34c383d2ebfa8f8394f973|terrence lewis|Reception Yards,baseline,Terrence Lewis,Oklahoma State,UCF,Reception Yards,2026-10-10T16:00:00Z,2026-10-06T21:50:54+00:00,fliff,35.5,-125.0,-125.0,0.42,-24.4,2026-10-06T21:50:54+00:00,35.5,-125.0,-125.0,0
690e2edaba34c383d2ebfa8f8394f973|waden charles|Reception Yards,baseline,Waden Charles,UCF,Oklahoma State,Reception Yards,2026-10-10T16:00:00Z,2026-10-06T21:50:54+00:00,fliff,39.5,-130.0,-120.0,0.3985,,2026-10-07T15:05:00.497360+00:00,38.5,-125.0,-120.0,2
690e2edaba34c383d2ebfa8f8394f973|wyatt young|Reception Yards,baseline,Wyatt Young,Oklahoma State,UCF,Reception Yards,2026-10-10T16:00:00Z,2026-10-06T21:50:54+00:00,fliff,79.5,-125.0,-125.0,0.2485,,2026-10-06T21:50:54+00:00,79.5,-125.0,-125.0,0
9e243e91f8f94e6431da5cc5c3cc8fda|cayden lee|Reception Yards,baseline,Cayden Lee,Missouri,Texas A&M,Reception Yards,2026-10-10T16:00:00Z,2026-10-06T21:50:54+00:00,fanduel,82.5,-114.0,-114.0,0.3805,,2026-10-07T18:06:09.186389+00:00,82.5,-114.0,-114.0,3
9e243e91f8f94e6431da5cc5c3cc8fda|cayden lee|Receptions,baseline,Cayden Lee,Missouri,Texas A&M,Receptions,2026-10-10T16:00:00Z,2026-10-07T18:06:09.186389+00:00,betonlineag,6.5,110.0,-143.0,0.35,,2026-10-07T18:06:09.186389+00:00,6.5,110.0,-143.0,0
9e243e91f8f94e6431da5cc5c3cc8fda|donovan olugbode|Reception Yards,baseline,Donovan Olugbode,Missouri,Texas A&M,Reception Yards,2026-10-10T16:00:00Z,2026-10-06T21:50:54+00:00,fanduel,70.5,-114.0,-114.0,0.4615,-13.4,2026-10-07T18:06:09.186389+00:00,70.5,-114.0,-114.0,3
9e243e91f8f94e6431da5cc5c3cc8fda|donovan olugbode|Receptions,baseline,Donovan Olugbode,Missouri,Texas A&M,Receptions,2026-10-10T16:00:00Z,2026-10-07T18:06:09.186389+00:00,betonlineag,4.5,-145.0,112.0,0.6005,1.5,2026-10-07T18:06:09.186389+00:00,4.5,-145.0,112.0,0
9e243e91f8f94e6431da5cc5c3cc8fda|isaiah horton|Reception Yards,baseline,Isaiah Horton,Texas A&M,Missouri,Reception Yards,2026-10-10T16:00:00Z,2026-10-06T21:50:54+00:00,fanduel,58.5,-114.0,-114.0,0.3945,,2026-10-07T18:06:09.186389+00:00,58.5,-114.0,-114.0,3
9e243e91f8f94e6431da5cc5c3cc8fda|isaiah horton|Receptions,baseline,Isaiah Horton,Texas A&M,Missouri,Receptions,2026-10-10T16:00:00Z,2026-10-06T21:50:54+00:00,betonlineag,3.5,-130.0,100.0,0.581,2.8,2026-10-07T18:06:09.186389+00:00,3.5,-102.0,-127.0,3
9e243e91f8f94e6431da5cc5c3cc8fda|isaiah horton|Receptions,official,Isaiah Horton,Texas A&M,Missouri,Receptions,2026-10-10T16:00:00Z,2026-10-07T18:06:09.186389+00:00,betonlineag,3.5,-102.0,-127.0,0.581,15.1,2026-10-07T18:06:09.186389+00:00,3.5,-102.0,-127.0,0
9e243e91f8f94e6431da5cc5c3cc8fda|jamal roberts|Reception Yards,baseline,Jamal Roberts,Missouri,Texas A&M,Reception Yards,2026-10-10T16:00:00Z,2026-10-06T21:50:54+00:00,fanduel,16.5,-114.0,-114.0,0.376,-29.4,2026-10-07T18:06:09.186389+00:00,16.5,-114.0,-114.0,3
b067027cbaeaf86e6c9bb26becb97c94|benjamin hall|Reception Yards,baseline,Benjamin Hall,North Carolina,Pittsburgh,Reception Yards,2026-10-10T16:00:00Z,2026-10-07T14:16:07+00:00,betonlineag,7.5,-110.0,-118.0,0.4405,-15.9,2026-10-07T18:06:09.186389+00:00,7.5,-110.0,-118.0,2
b067027cbaeaf86e6c9bb26becb97c94|bryce yates|Reception Yards,baseline,Bryce Yates,Pittsburgh,North Carolina,Reception Yards,2026-10-10T16:00:00Z,2026-10-07T14:16:07+00:00,betonlineag,29.5,-111.0,-116.0,0.547,4.0,2026-10-07T18:06:09.186389+00:00,29.5,-112.0,-115.0,2
b067027cbaeaf86e6c9bb26becb97c94|carson kent|Reception Yards,baseline,Carson Kent,Pittsburgh,North Carolina,Reception Yards,2026-10-10T16:00:00Z,2026-10-07T14:16:07+00:00,betonlineag,19.5,-114.0,-114.0,0.556,4.4,2026-10-07T18:06:09.186389+00:00,19.5,-114.0,-114.0,2
b067027cbaeaf86e6c9bb26becb97c94|cataurus hicks|Reception Yards,baseline,Cataurus Hicks,Pittsburgh,North Carolina,Reception Yards,2026-10-10T16:00:00Z,2026-10-07T14:16:07+00:00,betonlineag,42.5,-111.0,-116.0,0.564,7.2,2026-10-07T18:06:09.186389+00:00,42.5,-114.0,-114.0,2
b067027cbaeaf86e6c9bb26becb97c94|censere lee|Reception Yards,baseline,Censere Lee,Pittsburgh,North Carolina,Reception Yards,2026-10-10T16:00:00Z,2026-10-07T14:16:07+00:00,betonlineag,36.5,-112.0,-115.0,0.4925,-6.8,2026-10-07T18:06:09.186389+00:00,36.5,-110.0,-118.0,2
b067027cbaeaf86e6c9bb26becb97c94|jakyrian turner|Reception Yards,baseline,Ja'Kyrian Turner,Pittsburgh,North Carolina,Reception Yards,2026-10-10T16:00:00Z,2026-10-07T14:16:07+00:00,betonlineag,25.5,-116.0,-111.0,0.62,15.4,2026-10-07T18:06:09.186389+00:00,25.5,-116.0,-111.0,2
b067027cbaeaf86e6c9bb26becb97c94|jakyrian turner|Reception Yards,rec_yds_over,Ja'Kyrian Turner,Pittsburgh,North Carolina,Reception Yards,2026-10-10T16:00:00Z,2026-10-07T14:16:07+00:00,betonlineag,25.5,-116.0,-111.0,0.62,15.4,2026-10-07T18:06:09.186389+00:00,25.5,-116.0,-111.0,2
b067027cbaeaf86e6c9bb26becb97c94|jelani thurman|Reception Yards,baseline,Jelani Thurman,North Carolina,Pittsburgh,Reception Yards,2026-10-10T16:00:00Z,2026-10-07T14:16:07+00:00,betonlineag,43.5,-108.0,-120.0,0.5765,11.0,2026-10-07T18:06:09.186389+00:00,43.5,-112.0,-115.0,2
b067027cbaeaf86e6c9bb26becb97c94|jelani thurman|Reception Yards,rec_yds_over,Jelani Thurman,North Carolina,Pittsburgh,Reception Yards,2026-10-10T16:00:00Z,2026-10-07T14:16:07+00:00,betonlineag,43.5,-108.0,-120.0,0.5765,11.0,2026-10-07T18:06:09.186389+00:00,43.5,-112.0,-115.0,2
b067027cbaeaf86e6c9bb26becb97c94|jordan shipp|Reception Yards,baseline,Jordan Shipp,North Carolina,Pittsburgh,Reception Yards,2026-10-10T16:00:00Z,2026-10-07T14:16:07+00:00,betonlineag,75.5,-112.0,-115.0,0.2815,,2026-10-07T18:06:09.186389+00:00,75.5,-112.0,-115.0,2
b067027cbaeaf86e6c9bb26becb97c94|trech kekahuna|Reception Yards,baseline,Trech Kekahuna,North Carolina,Pittsburgh,Reception Yards,2026-10-10T16:00:00Z,2026-10-07T14:16:07+00:00,betonlineag,20.5,-112.0,-115.0,0.516,-2.3,2026-10-07T18:06:09.186389+00:00,20.5,-112.0,-115.0,2
9383cbbbb905d9ee50a3341f6945eae7|bailey stockton|Reception Yards,baseline,Bailey Stockton,Florida,South Carolina,Reception Yards,2026-10-10T16:45:00Z,2026-10-06T21:50:54+00:00,fanduel,24.5,-114.0,-114.0,0.515,-3.3,2026-10-07T18:06:09.186389+00:00,24.5,-114.0,-114.0,3
9383cbbbb905d9ee50a3341f6945eae7|brady hunt|Reception Yards,baseline,Brady Hunt,South Carolina,Florida,Reception Yards,2026-10-10T16:45:00Z,2026-10-06T21:50:54+00:00,fanduel,20.5,-114.0,-114.0,0.423,-20.6,2026-10-07T18:06:09.186389+00:00,20.5,-114.0,-114.0,3
9383cbbbb905d9ee50a3341f6945eae7|dallas wilson|Reception Yards,baseline,Dallas Wilson,Florida,South Carolina,Reception Yards,2026-10-10T16:45:00Z,2026-10-06T21:50:54+00:00,fanduel,44.5,-118.0,-112.0,0.503,-7.1,2026-10-07T18:06:09.186389+00:00,44.5,-118.0,-112.0,3
9383cbbbb905d9ee50a3341f6945eae7|dallas wilson|Receptions,baseline,Dallas Wilson,Florida,South Carolina,Receptions,2026-10-10T16:45:00Z,2026-10-06T21:50:54+00:00,fanduel,3.5,108.0,-144.0,0.4685,-2.6,2026-10-07T18:06:09.186389+00:00,3.5,108.0,-144.0,3
9383cbbbb905d9ee50a3341f6945eae7|dj black|Reception Yards,baseline,DJ Black,South Carolina,Florida,Reception Yards,2026-10-10T16:45:00Z,2026-10-06T21:50:54+00:00,fanduel,28.5,-114.0,-114.0,0.5675,6.5,2026-10-07T18:06:09.186389+00:00,28.5,-114.0,-114.0,3
9383cbbbb905d9ee50a3341f6945eae7|dj black|Reception Yards,rec_yds_over,DJ Black,South Carolina,Florida,Reception Yards,2026-10-10T16:45:00Z,2026-10-07T14:16:07+00:00,betonlineag,25.5,-116.0,-111.0,0.626,16.6,2026-10-07T18:06:09.186389+00:00,26.5,-120.0,-108.0,2
9383cbbbb905d9ee50a3341f6945eae7|dj black|Receptions,baseline,DJ Black,South Carolina,Florida,Receptions,2026-10-10T16:45:00Z,2026-10-07T14:16:07+00:00,betonlineag,2.5,113.0,-147.0,0.45,-4.1,2026-10-07T18:06:09.186389+00:00,2.5,115.0,-149.0,2
9383cbbbb905d9ee50a3341f6945eae7|jadan baugh|Reception Yards,baseline,Jadan Baugh,Florida,South Carolina,Reception Yards,2026-10-10T16:45:00Z,2026-10-06T21:50:54+00:00,fanduel,8.5,-114.0,-114.0,0.2975,-44.2,2026-10-07T18:06:09.186389+00:00,8.5,-114.0,-114.0,3
9383cbbbb905d9ee50a3341f6945eae7|jadan baugh|Receptions,baseline,Jadan Baugh,Florida,South Carolina,Receptions,2026-10-10T16:45:00Z,2026-10-07T14:16:07+00:00,fliff,1.5,-145.0,-110.0,0.385,,2026-10-07T18:06:09.186389+00:00,1.5,-145.0,-110.0,2
9383cbbbb905d9ee50a3341f6945eae7|luke harpring|Reception Yards,baseline,Luke Harpring,Florida,South Carolina,Reception Yards,2026-10-10T16:45:00Z,2026-10-06T21:50:54+00:00,fanduel,23.5,-114.0,-114.0,0.407,-23.6,2026-10-07T18:06:09.186389+00:00,23.5,-114.0,-114.0,3
9383cbbbb905d9ee50a3341f6945eae7|matt fuller|Reception Yards,baseline,Matt Fuller,,,Reception Yards,2026-10-10T16:45:00Z,2026-10-06T21:50:54+00:00,fanduel,17.5,-112.0,-118.0,,,2026-10-07T18:06:09.186389+00:00,17.5,-112.0,-118.0,3
9383cbbbb905d9ee50a3341f6945eae7|matt fuller|Receptions,baseline,Matt Fuller,,,Receptions,2026-10-10T16:45:00Z,2026-10-07T14:16:07+00:00,betonlineag,2.5,-147.0,113.0,,,2026-10-07T18:06:09.186389+00:00,2.5,-145.0,111.0,2
9383cbbbb905d9ee50a3341f6945eae7|mazeo bennett jr|Reception Yards,baseline,Mazeo Bennett Jr.,,,Reception Yards,2026-10-10T16:45:00Z,2026-10-06T21:50:54+00:00,fanduel,38.5,-114.0,-114.0,,,2026-10-07T18:06:09.186389+00:00,38.5,-114.0,-114.0,3
9383cbbbb905d9ee50a3341f6945eae7|mazeo bennett jr|Receptions,baseline,Mazeo Bennett Jr.,,,Receptions,2026-10-10T16:45:00Z,2026-10-06T21:50:54+00:00,fanduel,4.5,112.0,-148.0,,,2026-10-07T18:06:09.186389+00:00,3.5,-148.0,112.0,3
9383cbbbb905d9ee50a3341f6945eae7|nyck harbor|Reception Yards,baseline,Nyck Harbor,South Carolina,Florida,Reception Yards,2026-10-10T16:45:00Z,2026-10-06T21:50:54+00:00,fanduel,42.5,-114.0,-114.0,0.515,-3.3,2026-10-07T18:06:09.186389+00:00,42.5,-114.0,-114.0,3
9383cbbbb905d9ee50a3341f6945eae7|nyck harbor|Receptions,baseline,Nyck Harbor,South Carolina,Florida,Receptions,2026-10-10T16:45:00Z,2026-10-06T21:50:54+00:00,fanduel,3.5,-102.0,-130.0,0.45,-10.9,2026-10-07T18:06:09.186389+00:00,3.5,-102.0,-130.0,3
9383cbbbb905d9ee50a3341f6945eae7|tj abrams|Reception Yards,baseline,TJ Abrams,,,Reception Yards,2026-10-10T16:45:00Z,2026-10-07T14:16:07+00:00,betonlineag,23.5,-112.0,-115.0,,,2026-10-07T18:06:09.186389+00:00,23.5,-112.0,-115.0,2
9383cbbbb905d9ee50a3341f6945eae7|tj abrams|Receptions,baseline,TJ Abrams,,,Receptions,2026-10-10T16:45:00Z,2026-10-07T14:16:07+00:00,betonlineag,1.5,-161.0,123.0,,,2026-10-07T18:06:09.186389+00:00,1.5,-156.0,121.0,2
9383cbbbb905d9ee50a3341f6945eae7|vernell brown iii|Reception Yards,baseline,Vernell Brown III,Florida,South Carolina,Reception Yards,2026-10-10T16:45:00Z,2026-10-06T21:50:54+00:00,fanduel,51.5,-114.0,-114.0,0.381,,2026-10-07T18:06:09.186389+00:00,51.5,-114.0,-114.0,3
9383cbbbb905d9ee50a3341f6945eae7|vernell brown iii|Receptions,baseline,Vernell Brown III,Florida,South Carolina,Receptions,2026-10-10T16:45:00Z,2026-10-06T21:50:54+00:00,fanduel,4.5,120.0,-160.0,0.3725,,2026-10-07T18:06:09.186389+00:00,4.5,120.0,-160.0,3
373204ebaf557738961c85f37a72fe10|amare thomas|Reception Yards,baseline,Amare Thomas,Houston,Kansas State,Reception Yards,2026-10-10T19:30:00Z,2026-10-06T21:50:54+00:00,fliff,55.5,-125.0,-125.0,0.512,-7.8,2026-10-07T15:05:00.497360+00:00,53.5,-125.0,-125.0,2
373204ebaf557738961c85f37a72fe10|amare thomas|Receptions,baseline,Amare Thomas,Houston,Kansas State,Receptions,2026-10-10T19:30:00Z,2026-10-07T14:16:07+00:00,betonlineag,4.5,-110.0,-118.0,0.573,9.4,2026-10-07T18:06:09.186389+00:00,4.5,100.0,-130.0,2
373204ebaf557738961c85f37a72fe10|amare thomas|Receptions,official,Amare Thomas,Houston,Kansas State,Receptions,2026-10-10T19:30:00Z,2026-10-07T15:05:00.497360+00:00,betonlineag,4.5,-106.0,-122.0,0.573,11.4,2026-10-07T18:06:09.186389+00:00,4.5,100.0,-130.0,1
373204ebaf557738961c85f37a72fe10|garrett oakley|Reception Yards,baseline,Garrett Oakley,Kansas State,Houston,Reception Yards,2026-10-10T19:30:00Z,2026-10-07T14:16:07+00:00,fanduel,34.5,-114.0,-114.0,0.5515,3.5,2026-10-07T18:06:09.186389+00:00,34.5,-114.0,-114.0,2
373204ebaf557738961c85f37a72fe10|jaron tibbs|Reception Yards,baseline,Jaron Tibbs,Kansas State,Houston,Reception Yards,2026-10-10T19:30:00Z,2026-10-07T14:16:07+00:00,fanduel,41.5,-114.0,-114.0,0.404,,2026-10-07T18:06:09.186389+00:00,41.5,-114.0,-114.0,2
373204ebaf557738961c85f37a72fe10|joe jackson|Reception Yards,baseline,Joe Jackson,Kansas State,Houston,Reception Yards,2026-10-10T19:30:00Z,2026-10-07T14:16:07+00:00,betonlineag,16.5,-114.0,-114.0,0.3515,,2026-10-07T18:06:09.186389+00:00,16.5,-118.0,-110.0,2
373204ebaf557738961c85f37a72fe10|josh manning|Reception Yards,baseline,Josh Manning,,,Reception Yards,2026-10-10T19:30:00Z,2026-10-07T14:16:07+00:00,fanduel,32.5,-114.0,-114.0,,,2026-10-07T18:06:09.186389+00:00,32.5,-114.0,-114.0,2
373204ebaf557738961c85f37a72fe10|koby young|Reception Yards,baseline,Koby Young,Houston,Kansas State,Reception Yards,2026-10-10T19:30:00Z,2026-10-07T14:16:07+00:00,fanduel,27.5,-114.0,-114.0,0.567,6.4,2026-10-07T18:06:09.186389+00:00,23.5,-118.0,-112.0,2
373204ebaf557738961c85f37a72fe10|koby young|Reception Yards,rec_yds_over,Koby Young,Houston,Kansas State,Reception Yards,2026-10-10T19:30:00Z,2026-10-07T14:16:07+00:00,betonlineag,21.5,-110.0,-118.0,0.674,28.7,2026-10-07T18:06:09.186389+00:00,24.5,115.0,-149.0,2
373204ebaf557738961c85f37a72fe10|koby young|Receptions,baseline,Koby Young,Houston,Kansas State,Receptions,2026-10-10T19:30:00Z,2026-10-07T14:16:07+00:00,betonlineag,1.5,-123.0,-105.0,0.6485,17.6,2026-10-07T18:06:09.186389+00:00,1.5,-115.0,-112.0,2
373204ebaf557738961c85f37a72fe10|koby young|Receptions,official,Koby Young,Houston,Kansas State,Receptions,2026-10-10T19:30:00Z,2026-10-07T14:16:07+00:00,betonlineag,1.5,-123.0,-105.0,0.6485,17.6,2026-10-07T18:06:09.186389+00:00,1.5,-115.0,-112.0,2
373204ebaf557738961c85f37a72fe10|patrick overmyer|Reception Yards,baseline,Patrick Overmyer,Houston,Kansas State,Reception Yards,2026-10-10T19:30:00Z,2026-10-07T14:16:07+00:00,fanduel,51.5,-114.0,-114.0,0.5155,-3.2,2026-10-07T18:06:09.186389+00:00,51.5,-114.0,-114.0,2
373204ebaf557738961c85f37a72fe10|patrick overmyer|Reception Yards,rec_yds_over,Patrick Overmyer,Houston,Kansas State,Reception Yards,2026-10-10T19:30:00Z,2026-10-07T14:16:07+00:00,betonlineag,42.5,-112.0,-115.0,0.6115,15.7,2026-10-07T18:06:09.186389+00:00,49.5,-115.0,-112.0,2
373204ebaf557738961c85f37a72fe10|patrick overmyer|Receptions,baseline,Patrick Overmyer,Houston,Kansas State,Receptions,2026-10-10T19:30:00Z,2026-10-07T14:16:07+00:00,betonlineag,3.5,-141.0,108.0,0.604,3.2,2026-10-07T18:06:09.186389+00:00,4.5,110.0,-143.0,2
373204ebaf557738961c85f37a72fe10|trent walker|Reception Yards,baseline,Trent Walker,Houston,Kansas State,Reception Yards,2026-10-10T19:30:00Z,2026-10-06T21:50:54+00:00,fliff,43.5,-125.0,-125.0,0.375,,2026-10-07T18:06:09.186389+00:00,43.5,-125.0,-125.0,2
373204ebaf557738961c85f37a72fe10|trent walker|Receptions,baseline,Trent Walker,Houston,Kansas State,Receptions,2026-10-10T19:30:00Z,2026-10-07T14:16:07+00:00,betonlineag,3.5,106.0,-137.0,0.2825,,2026-10-07T18:06:09.186389+00:00,3.5,115.0,-149.0,2
3ad908e99942c191b72d855b6f1b508f|anthony woods|Reception Yards,baseline,Anthony Woods,UCLA,Oregon,Reception Yards,2026-10-10T19:30:00Z,2026-10-07T14:16:07+00:00,fliff,1.5,-130.0,-120.0,0.7175,26.9,2026-10-07T18:06:09.186389+00:00,2.5,-120.0,-130.0,2
3ad908e99942c191b72d855b6f1b508f|anthony woods|Reception Yards,rec_yds_over,Anthony Woods,UCLA,Oregon,Reception Yards,2026-10-10T19:30:00Z,2026-10-07T14:16:07+00:00,fliff,1.5,-130.0,-120.0,0.7175,26.9,2026-10-07T18:06:09.186389+00:00,2.5,-120.0,-130.0,2
3ad908e99942c191b72d855b6f1b508f|anthony woods|Receptions,baseline,Anthony Woods,UCLA,Oregon,Receptions,2026-10-10T19:30:00Z,2026-10-07T14:16:07+00:00,fliff,0.5,-180.0,115.0,0.67,4.2,2026-10-07T18:06:09.186389+00:00,0.5,-180.0,115.0,2
3ad908e99942c191b72d855b6f1b508f|brian rowe jr|Reception Yards,baseline,Brian Rowe Jr.,UCLA,Oregon,Reception Yards,2026-10-10T19:30:00Z,2026-10-06T21:50:54+00:00,fanduel,28.5,-114.0,-114.0,0.6865,28.9,2026-10-07T18:06:09.186389+00:00,28.5,-114.0,-114.0,3
3ad908e99942c191b72d855b6f1b508f|brian rowe jr|Reception Yards,rec_yds_over,Brian Rowe Jr.,UCLA,Oregon,Reception Yards,2026-10-10T19:30:00Z,2026-10-06T21:50:54+00:00,fanduel,28.5,-114.0,-114.0,0.6865,28.9,2026-10-07T18:06:09.186389+00:00,28.5,-114.0,-114.0,3
3ad908e99942c191b72d855b6f1b508f|brian rowe jr|Receptions,baseline,Brian Rowe Jr.,UCLA,Oregon,Receptions,2026-10-10T19:30:00Z,2026-10-06T21:50:54+00:00,fanduel,2.5,-122.0,-108.0,0.628,14.3,2026-10-07T18:06:09.186389+00:00,2.5,-122.0,-108.0,3
3ad908e99942c191b72d855b6f1b508f|brian rowe jr|Receptions,official,Brian Rowe Jr.,UCLA,Oregon,Receptions,2026-10-10T19:30:00Z,2026-10-06T21:50:54+00:00,fanduel,2.5,-122.0,-108.0,0.628,14.3,2026-10-07T18:06:09.186389+00:00,2.5,-122.0,-108.0,3
3ad908e99942c191b72d855b6f1b508f|dakorien moore|Reception Yards,baseline,Dakorien Moore,Oregon,UCLA,Reception Yards,2026-10-10T19:30:00Z,2026-10-06T21:50:54+00:00,fanduel,49.5,-114.0,-114.0,0.427,-19.8,2026-10-07T18:06:09.186389+00:00,49.5,-114.0,-114.0,3
3ad908e99942c191b72d855b6f1b508f|dakorien moore|Receptions,baseline,Dakorien Moore,Oregon,UCLA,Receptions,2026-10-10T19:30:00Z,2026-10-06T21:50:54+00:00,fanduel,3.5,-106.0,-125.0,0.357,,2026-10-07T18:06:09.186389+00:00,3.5,-106.0,-125.0,3
3ad908e99942c191b72d855b6f1b508f|dierre hill jr|Reception Yards,baseline,Dierre Hill Jr.,Oregon,UCLA,Reception Yards,2026-10-10T19:30:00Z,2026-10-06T21:50:54+00:00,fanduel,23.5,-114.0,-114.0,0.462,-13.3,2026-10-07T18:06:09.186389+00:00,23.5,-114.0,-114.0,3
3ad908e99942c191b72d855b6f1b508f|dierre hill jr|Receptions,baseline,Dierre Hill Jr.,Oregon,UCLA,Receptions,2026-10-10T19:30:00Z,2026-10-07T14:16:07+00:00,betonlineag,3.5,132.0,-172.0,0.2315,,2026-10-07T18:06:09.186389+00:00,3.5,132.0,-172.0,2
3ad908e99942c191b72d855b6f1b508f|evan stewart|Reception Yards,baseline,Evan Stewart,Oregon,UCLA,Reception Yards,2026-10-10T19:30:00Z,2026-10-06T21:50:54+00:00,fanduel,59.5,-114.0,-114.0,0.4345,-18.4,2026-10-07T18:06:09.186389+00:00,59.5,-114.0,-114.0,3
3ad908e99942c191b72d855b6f1b508f|evan stewart|Receptions,baseline,Evan Stewart,Oregon,UCLA,Receptions,2026-10-10T19:30:00Z,2026-10-06T21:50:54+00:00,fanduel,5.5,114.0,-152.0,0.4115,,2026-10-07T18:06:09.186389+00:00,5.5,114.0,-152.0,3
3ad908e99942c191b72d855b6f1b508f|jamari johnson|Reception Yards,baseline,Jamari Johnson,Oregon,UCLA,Reception Yards,2026-10-10T19:30:00Z,2026-10-06T21:50:54+00:00,fanduel,57.5,-114.0,-114.0,0.3735,,2026-10-07T18:06:09.186389+00:00,57.5,-114.0,-114.0,3
3ad908e99942c191b72d855b6f1b508f|jamari johnson|Receptions,baseline,Jamari Johnson,Oregon,UCLA,Receptions,2026-10-10T19:30:00Z,2026-10-06T21:50:54+00:00,fanduel,3.5,-154.0,116.0,0.5555,-8.4,2026-10-07T18:06:09.186389+00:00,3.5,-154.0,116.0,3
3ad908e99942c191b72d855b6f1b508f|jordon davison|Reception Yards,baseline,Jordon Davison,Oregon,UCLA,Reception Yards,2026-10-10T19:30:00Z,2026-10-07T14:16:07+00:00,betonlineag,7.5,-114.0,-114.0,0.3055,-42.7,2026-10-07T18:06:09.186389+00:00,7.5,-116.0,-111.0,2
3ad908e99942c191b72d855b6f1b508f|jordon davison|Receptions,baseline,Jordon Davison,Oregon,UCLA,Receptions,2026-10-10T19:30:00Z,2026-10-07T14:16:07+00:00,fliff,1.5,-105.0,-145.0,0.2105,,2026-10-07T18:06:09.186389+00:00,1.5,-105.0,-145.0,2
3ad908e99942c191b72d855b6f1b508f|landon ellis|Reception Yards,baseline,Landon Ellis,UCLA,Oregon,Reception Yards,2026-10-10T19:30:00Z,2026-10-07T14:16:07+00:00,betonlineag,22.5,-110.0,-118.0,0.532,1.6,2026-10-07T18:06:09.186389+00:00,22.5,-110.0,-118.0,2
3ad908e99942c191b72d855b6f1b508f|landon ellis|Receptions,baseline,Landon Ellis,UCLA,Oregon,Receptions,2026-10-10T19:30:00Z,2026-10-07T14:16:07+00:00,betonlineag,1.5,-169.0,130.0,0.6425,2.3,2026-10-07T18:06:09.186389+00:00,1.5,-169.0,130.0,2
3ad908e99942c191b72d855b6f1b508f|messiah hampton|Reception Yards,baseline,Messiah Hampton,Oregon,UCLA,Reception Yards,2026-10-10T19:30:00Z,2026-10-06T21:50:54+00:00,fanduel,34.5,-114.0,-114.0,0.6275,17.8,2026-10-07T18:06:09.186389+00:00,34.5,-114.0,-114.0,3
3ad908e99942c191b72d855b6f1b508f|messiah hampton|Reception Yards,rec_yds_over,Messiah Hampton,Oregon,UCLA,Reception Yards,2026-10-10T19:30:00Z,2026-10-06T21:50:54+00:00,fanduel,34.5,-114.0,-114.0,0.6275,17.8,2026-10-07T18:06:09.186389+00:00,34.5,-114.0,-114.0,3
3ad908e99942c191b72d855b6f1b508f|messiah hampton|Receptions,baseline,Messiah Hampton,Oregon,UCLA,Receptions,2026-10-10T19:30:00Z,2026-10-06T21:50:54+00:00,fanduel,3.5,126.0,-168.0,0.5485,24.0,2026-10-07T18:06:09.186389+00:00,3.5,-102.0,-130.0,3
3ad908e99942c191b72d855b6f1b508f|messiah hampton|Receptions,official,Messiah Hampton,Oregon,UCLA,Receptions,2026-10-10T19:30:00Z,2026-10-06T21:50:54+00:00,fanduel,3.5,126.0,-168.0,0.5485,24.0,2026-10-07T18:06:09.186389+00:00,3.5,-102.0,-130.0,3
3ad908e99942c191b72d855b6f1b508f|semaj morgan|Reception Yards,baseline,Semaj Morgan,UCLA,Oregon,Reception Yards,2026-10-10T19:30:00Z,2026-10-06T21:50:54+00:00,fanduel,29.5,-114.0,-114.0,0.6645,24.7,2026-10-07T18:06:09.186389+00:00,29.5,-114.0,-114.0,3
3ad908e99942c191b72d855b6f1b508f|semaj morgan|Reception Yards,rec_yds_over,Semaj Morgan,UCLA,Oregon,Reception Yards,2026-10-10T19:30:00Z,2026-10-06T21:50:54+00:00,fanduel,29.5,-114.0,-114.0,0.6645,24.7,2026-10-07T18:06:09.186389+00:00,29.5,-114.0,-114.0,3
3ad908e99942c191b72d855b6f1b508f|semaj morgan|Receptions,baseline,Semaj Morgan,UCLA,Oregon,Receptions,2026-10-10T19:30:00Z,2026-10-06T21:50:54+00:00,fanduel,2.5,-158.0,118.0,0.7295,19.1,2026-10-07T18:06:09.186389+00:00,2.5,-158.0,118.0,3
3ad908e99942c191b72d855b6f1b508f|semaj morgan|Receptions,official,Semaj Morgan,UCLA,Oregon,Receptions,2026-10-10T19:30:00Z,2026-10-06T21:50:54+00:00,fanduel,2.5,-158.0,118.0,0.7295,19.1,2026-10-07T18:06:09.186389+00:00,2.5,-158.0,118.0,3
3ad908e99942c191b72d855b6f1b508f|wayne knight|Reception Yards,baseline,Wayne Knight,UCLA,Oregon,Reception Yards,2026-10-10T19:30:00Z,2026-10-07T14:16:07+00:00,betonlineag,10.5,-114.0,-114.0,0.496,-6.9,2026-10-07T18:06:09.186389+00:00,15.5,-114.0,-114.0,2
3ad908e99942c191b72d855b6f1b508f|wayne knight|Receptions,baseline,Wayne Knight,UCLA,Oregon,Receptions,2026-10-10T19:30:00Z,2026-10-07T14:16:07+00:00,fliff,1.5,-175.0,110.0,0.3935,-38.2,2026-10-07T18:06:09.186389+00:00,1.5,-175.0,110.0,2
496f20b5a45e727fdc2d07915ab0f865|caden high|Reception Yards,baseline,Caden High,Stanford,Notre Dame,Reception Yards,2026-10-10T19:30:00Z,2026-10-07T14:16:07+00:00,fanduel,27.5,-114.0,-114.0,0.58,8.9,2026-10-07T18:06:09.186389+00:00,27.5,-114.0,-114.0,2
496f20b5a45e727fdc2d07915ab0f865|caden high|Receptions,baseline,Caden High,Stanford,Notre Dame,Receptions,2026-10-10T19:30:00Z,2026-10-07T14:16:07+00:00,fanduel,2.5,-138.0,104.0,0.6855,18.2,2026-10-07T18:06:09.186389+00:00,2.5,-138.0,104.0,2
496f20b5a45e727fdc2d07915ab0f865|caden high|Receptions,official,Caden High,Stanford,Notre Dame,Receptions,2026-10-10T19:30:00Z,2026-10-07T14:16:07+00:00,fanduel,2.5,-138.0,104.0,0.6855,18.2,2026-10-07T18:06:09.186389+00:00,2.5,-138.0,104.0,2
496f20b5a45e727fdc2d07915ab0f865|jordan faison|Reception Yards,baseline,Jordan Faison,Notre Dame,Stanford,Reception Yards,2026-10-10T19:30:00Z,2026-10-07T14:16:07+00:00,fanduel,78.5,-114.0,-114.0,0.3555,,2026-10-07T18:06:09.186389+00:00,78.5,-114.0,-114.0,2
496f20b5a45e727fdc2d07915ab0f865|jordan faison|Receptions,baseline,Jordan Faison,Notre Dame,Stanford,Receptions,2026-10-10T19:30:00Z,2026-10-07T14:16:07+00:00,fanduel,5.5,-132.0,100.0,0.31,,2026-10-07T18:06:09.186389+00:00,5.5,-132.0,100.0,2
496f20b5a45e727fdc2d07915ab0f865|micah gilbert|Reception Yards,baseline,Micah Gilbert,Notre Dame,Stanford,Reception Yards,2026-10-10T19:30:00Z,2026-10-07T14:16:07+00:00,fanduel,50.5,-114.0,-114.0,0.5175,-2.9,2026-10-07T18:06:09.186389+00:00,50.5,-114.0,-114.0,2
496f20b5a45e727fdc2d07915ab0f865|micah gilbert|Receptions,baseline,Micah Gilbert,Notre Dame,Stanford,Receptions,2026-10-10T19:30:00Z,2026-10-07T14:16:07+00:00,fanduel,3.5,108.0,-144.0,0.465,-3.3,2026-10-07T18:06:09.186389+00:00,3.5,108.0,-144.0,2
82b83ec87fc2be5faa2e9f26ac50edef|cam coleman|Reception Yards,baseline,Cam Coleman,Texas,Oklahoma,Reception Yards,2026-10-10T19:30:00Z,2026-10-06T21:50:54+00:00,fanduel,51.5,-114.0,-114.0,0.4275,-19.8,2026-10-07T18:06:09.186389+00:00,56.5,-114.0,-114.0,3
82b83ec87fc2be5faa2e9f26ac50edef|cam coleman|Receptions,baseline,Cam Coleman,Texas,Oklahoma,Receptions,2026-10-10T19:30:00Z,2026-10-06T21:50:54+00:00,fanduel,3.5,-138.0,104.0,0.3625,,2026-10-07T18:06:09.186389+00:00,3.5,-138.0,104.0,3
82b83ec87fc2be5faa2e9f26ac50edef|elijah thomas|Reception Yards,baseline,Elijah Thomas,Oklahoma,Texas,Reception Yards,2026-10-10T19:30:00Z,2026-10-06T21:50:54+00:00,betonlineag,18.5,-114.0,-114.0,0.4985,-6.4,2026-10-07T18:06:09.186389+00:00,17.5,-116.0,-111.0,3
82b83ec87fc2be5faa2e9f26ac50edef|emaree winston|Reception Yards,baseline,Emaree Winston,Texas,Oklahoma,Reception Yards,2026-10-10T19:30:00Z,2026-10-06T21:50:54+00:00,fanduel,16.5,-114.0,-114.0,0.5235,-1.7,2026-10-07T18:06:09.186389+00:00,16.5,-114.0,-114.0,3
82b83ec87fc2be5faa2e9f26ac50edef|emmett mosley v|Reception Yards,baseline,Emmett Mosley V,Texas,Oklahoma,Reception Yards,2026-10-10T19:30:00Z,2026-10-06T21:50:54+00:00,fanduel,31.5,-114.0,-114.0,0.6345,19.1,2026-10-07T18:06:09.186389+00:00,31.5,-114.0,-114.0,3
82b83ec87fc2be5faa2e9f26ac50edef|emmett mosley v|Reception Yards,rec_yds_over,Emmett Mosley V,Texas,Oklahoma,Reception Yards,2026-10-10T19:30:00Z,2026-10-06T21:50:54+00:00,hardrockbet,30.5,-115.0,-110.0,0.6475,21.1,2026-10-07T18:06:09.186389+00:00,30.5,-115.0,-115.0,3
82b83ec87fc2be5faa2e9f26ac50edef|emmett mosley v|Receptions,baseline,Emmett Mosley V,Texas,Oklahoma,Receptions,2026-10-10T19:30:00Z,2026-10-06T21:50:54+00:00,fanduel,3.5,148.0,-200.0,0.4305,,2026-10-07T18:06:09.186389+00:00,3.5,148.0,-200.0,3
82b83ec87fc2be5faa2e9f26ac50edef|hollywood smothers|Reception Yards,baseline,Hollywood Smothers,,,Reception Yards,2026-10-10T19:30:00Z,2026-10-06T21:50:54+00:00,fanduel,15.5,-114.0,-114.0,,,2026-10-07T18:06:09.186389+00:00,15.5,-114.0,-114.0,3
82b83ec87fc2be5faa2e9f26ac50edef|hollywood smothers|Receptions,baseline,Hollywood Smothers,,,Receptions,2026-10-10T19:30:00Z,2026-10-06T21:50:54+00:00,fanduel,2.5,-114.0,-114.0,,,2026-10-07T18:06:09.186389+00:00,2.5,-114.0,-114.0,3
82b83ec87fc2be5faa2e9f26ac50edef|isaiah sategna iii|Reception Yards,baseline,Isaiah Sategna III,,,Reception Yards,2026-10-10T19:30:00Z,2026-10-06T21:50:54+00:00,fanduel,59.5,-114.0,-114.0,,,2026-10-07T18:06:09.186389+00:00,59.5,-114.0,-114.0,3
82b83ec87fc2be5faa2e9f26ac50edef|isaiah sategna iii|Receptions,baseline,Isaiah Sategna III,,,Receptions,2026-10-10T19:30:00Z,2026-10-06T21:50:54+00:00,fanduel,5.5,116.0,-154.0,,,2026-10-07T18:06:09.186389+00:00,5.5,116.0,-154.0,3
82b83ec87fc2be5faa2e9f26ac50edef|lloyd avant|Reception Yards,baseline,Lloyd Avant,Oklahoma,Texas,Reception Yards,2026-10-10T19:30:00Z,2026-10-06T21:50:54+00:00,fanduel,8.5,-114.0,-114.0,0.245,,2026-10-07T18:06:09.186389+00:00,8.5,-114.0,-114.0,3
82b83ec87fc2be5faa2e9f26ac50edef|mackenzie alleyne|Reception Yards,baseline,Mackenzie Alleyne,Oklahoma,Texas,Reception Yards,2026-10-10T19:30:00Z,2026-10-06T21:50:54+00:00,fanduel,16.5,-114.0,-114.0,0.4385,-17.7,2026-10-07T18:06:09.186389+00:00,16.5,-114.0,-114.0,3
82b83ec87fc2be5faa2e9f26ac50edef|rocky beers|Reception Yards,baseline,Rocky Beers,Oklahoma,Texas,Reception Yards,2026-10-10T19:30:00Z,2026-10-06T21:50:54+00:00,fanduel,44.5,-114.0,-114.0,0.429,-19.5,2026-10-07T18:06:09.186389+00:00,44.5,-114.0,-114.0,3
82b83ec87fc2be5faa2e9f26ac50edef|rocky beers|Receptions,baseline,Rocky Beers,Oklahoma,Texas,Receptions,2026-10-10T19:30:00Z,2026-10-06T21:50:54+00:00,fanduel,3.5,-146.0,110.0,0.532,-10.4,2026-10-07T18:06:09.186389+00:00,3.5,-146.0,110.0,3
82b83ec87fc2be5faa2e9f26ac50edef|ryan wingo|Reception Yards,baseline,Ryan Wingo,Texas,Oklahoma,Reception Yards,2026-10-10T19:30:00Z,2026-10-06T21:50:54+00:00,fanduel,48.5,-114.0,-114.0,0.565,6.1,2026-10-07T18:06:09.186389+00:00,48.5,-114.0,-114.0,3
82b83ec87fc2be5faa2e9f26ac50edef|ryan wingo|Reception Yards,rec_yds_over,Ryan Wingo,Texas,Oklahoma,Reception Yards,2026-10-10T19:30:00Z,2026-10-07T14:16:07+00:00,hardrockbet,46.5,-115.0,-115.0,0.5905,10.4,2026-10-07T18:06:09.186389+00:00,46.5,-115.0,-115.0,2
82b83ec87fc2be5faa2e9f26ac50edef|ryan wingo|Receptions,baseline,Ryan Wingo,Texas,Oklahoma,Receptions,2026-10-10T19:30:00Z,2026-10-06T21:50:54+00:00,fanduel,4.5,130.0,-174.0,0.4365,,2026-10-07T18:06:09.186389+00:00,4.5,130.0,-174.0,3
92f26a40bba178c47bbade8c9af0ada3|aidan laughery|Reception Yards,baseline,Aidan Laughery,Illinois,Michigan State,Reception Yards,2026-10-10T19:30:00Z,2026-10-07T14:16:07+00:00,betonlineag,9.5,-106.0,-122.0,0.253,,2026-10-07T18:06:09.186389+00:00,8.5,-118.0,-110.0,2
92f26a40bba178c47bbade8c9af0ada3|chrishon mccray|Reception Yards,baseline,Chrishon McCray,Michigan State,Illinois,Reception Yards,2026-10-10T19:30:00Z,2026-10-07T14:16:07+00:00,betonlineag,36.5,-110.0,-118.0,0.4135,-21.1,2026-10-07T18:06:09.186389+00:00,36.5,-110.0,-118.0,2
92f26a40bba178c47bbade8c9af0ada3|chrishon mccray|Receptions,baseline,Chrishon McCray,Michigan State,Illinois,Receptions,2026-10-10T19:30:00Z,2026-10-07T14:16:07+00:00,betonlineag,3.5,-110.0,-118.0,0.453,-13.5,2026-10-07T18:06:09.186389+00:00,3.5,-111.0,-116.0,2
92f26a40bba178c47bbade8c9af0ada3|collin dixon|Reception Yards,baseline,Collin Dixon,Illinois,Michigan State,Reception Yards,2026-10-10T19:30:00Z,2026-10-07T14:16:07+00:00,betonlineag,83.5,-110.0,-118.0,0.398,,2026-10-07T18:06:09.186389+00:00,83.5,-112.0,-115.0,2
92f26a40bba178c47bbade8c9af0ada3|collin dixon|Receptions,baseline,Collin Dixon,Illinois,Michigan State,Receptions,2026-10-10T19:30:00Z,2026-10-07T14:16:07+00:00,betonlineag,6.5,-135.0,105.0,0.428,,2026-10-07T18:06:09.186389+00:00,6.5,-135.0,105.0,2
92f26a40bba178c47bbade8c9af0ada3|hudson clement|Reception Yards,baseline,Hudson Clement,Illinois,Michigan State,Reception Yards,2026-10-10T19:30:00Z,2026-10-07T14:16:07+00:00,betonlineag,61.5,-114.0,-114.0,0.3145,,2026-10-07T18:06:09.186389+00:00,61.5,-114.0,-114.0,2
92f26a40bba178c47bbade8c9af0ada3|hudson clement|Receptions,baseline,Hudson Clement,Illinois,Michigan State,Receptions,2026-10-10T19:30:00Z,2026-10-07T14:16:07+00:00,betonlineag,4.5,-149.0,115.0,0.373,,2026-10-07T18:06:09.186389+00:00,5.5,122.0,-159.0,2
92f26a40bba178c47bbade8c9af0ada3|jayden savoury|Reception Yards,baseline,Jayden Savoury,Michigan State,Illinois,Reception Yards,2026-10-10T19:30:00Z,2026-10-07T14:16:07+00:00,betonlineag,31.5,-112.0,-115.0,0.4575,-13.4,2026-10-07T18:06:09.186389+00:00,31.5,-114.0,-114.0,2
92f26a40bba178c47bbade8c9af0ada3|jayden savoury|Receptions,baseline,Jayden Savoury,Michigan State,Illinois,Receptions,2026-10-10T19:30:00Z,2026-10-07T14:16:07+00:00,betonlineag,3.5,115.0,-149.0,0.317,,2026-10-07T18:06:09.186389+00:00,3.5,115.0,-149.0,2
92f26a40bba178c47bbade8c9af0ada3|jaziun patterson|Reception Yards,baseline,Jaziun Patterson,Michigan State,Illinois,Reception Yards,2026-10-10T19:30:00Z,2026-10-07T14:16:07+00:00,betonlineag,5.5,-108.0,-120.0,0.274,,2026-10-07T18:06:09.186389+00:00,5.5,-108.0,-120.0,2
92f26a40bba178c47bbade8c9af0ada3|rodney bullard jr|Reception Yards,baseline,Rodney Bullard Jr.,Michigan State,Illinois,Reception Yards,2026-10-10T19:30:00Z,2026-10-07T14:16:07+00:00,betonlineag,31.5,-115.0,-112.0,0.5595,4.6,2026-10-07T18:06:09.186389+00:00,31.5,-115.0,-112.0,2
92f26a40bba178c47bbade8c9af0ada3|rodney bullard jr|Receptions,baseline,Rodney Bullard Jr.,Michigan State,Illinois,Receptions,2026-10-10T19:30:00Z,2026-10-07T14:16:07+00:00,betonlineag,2.5,106.0,-137.0,0.586,20.7,2026-10-07T18:06:09.186389+00:00,2.5,106.0,-137.0,2
92f26a40bba178c47bbade8c9af0ada3|rodney bullard jr|Receptions,official,Rodney Bullard Jr.,Michigan State,Illinois,Receptions,2026-10-10T19:30:00Z,2026-10-07T14:16:07+00:00,betonlineag,2.5,106.0,-137.0,0.586,20.7,2026-10-07T18:06:09.186389+00:00,2.5,106.0,-137.0,2
d9b77825d169fdd683f8efa7c1948a8e|caleb odom|Reception Yards,baseline,Caleb Odom,Ole Miss,Vanderbilt,Reception Yards,2026-10-10T19:30:00Z,2026-10-07T14:16:07+00:00,fanduel,44.5,-114.0,-114.0,0.46,-13.6,2026-10-07T18:06:09.186389+00:00,42.5,-112.0,-118.0,2
d9b77825d169fdd683f8efa7c1948a8e|caleb odom|Receptions,baseline,Caleb Odom,Ole Miss,Vanderbilt,Receptions,2026-10-10T19:30:00Z,2026-10-07T14:16:07+00:00,betonlineag,4.5,115.0,-149.0,0.344,,2026-10-07T18:06:09.186389+00:00,4.5,109.0,-141.0,2
d9b77825d169fdd683f8efa7c1948a8e|deuce alexander|Reception Yards,baseline,Deuce Alexander,Ole Miss,Vanderbilt,Reception Yards,2026-10-10T19:30:00Z,2026-10-07T14:16:07+00:00,fanduel,76.5,-114.0,-114.0,0.451,-15.3,2026-10-07T18:06:09.186389+00:00,71.5,-114.0,-114.0,2
d9b77825d169fdd683f8efa7c1948a8e|deuce alexander|Receptions,baseline,Deuce Alexander,Ole Miss,Vanderbilt,Receptions,2026-10-10T19:30:00Z,2026-10-07T14:16:07+00:00,betonlineag,5.5,-119.0,-109.0,0.5225,-3.8,2026-10-07T18:06:09.186389+00:00,5.5,-130.0,101.0,2
d9b77825d169fdd683f8efa7c1948a8e|junior sherrill|Reception Yards,baseline,Junior Sherrill,Vanderbilt,Ole Miss,Reception Yards,2026-10-10T19:30:00Z,2026-10-07T14:16:07+00:00,fanduel,81.5,-114.0,-114.0,0.4325,-18.8,2026-10-07T18:06:09.186389+00:00,76.5,-114.0,-114.0,2
d9b77825d169fdd683f8efa7c1948a8e|kewan lacy|Reception Yards,baseline,Kewan Lacy,Ole Miss,Vanderbilt,Reception Yards,2026-10-10T19:30:00Z,2026-10-07T14:16:07+00:00,fanduel,21.5,-114.0,-114.0,0.348,,2026-10-07T18:06:09.186389+00:00,19.5,-114.0,-114.0,2
031164b8d704599d8023a3e104f9a6c0|chris durr jr|Reception Yards,baseline,Chris Durr Jr.,Maryland,Ohio State,Reception Yards,2026-10-10T20:15:00Z,2026-10-06T21:50:54+00:00,fanduel,51.5,-114.0,-114.0,0.5155,-3.2,2026-10-07T18:06:09.186389+00:00,51.5,-114.0,-114.0,3
031164b8d704599d8023a3e104f9a6c0|chris durr jr|Receptions,baseline,Chris Durr Jr.,Maryland,Ohio State,Receptions,2026-10-10T20:15:00Z,2026-10-06T21:50:54+00:00,fanduel,5.5,-114.0,-114.0,0.5675,6.5,2026-10-07T18:06:09.186389+00:00,5.5,-114.0,-114.0,3
031164b8d704599d8023a3e104f9a6c0|devin mccuin|Reception Yards,baseline,Devin McCuin,Ohio State,Maryland,Reception Yards,2026-10-10T20:15:00Z,2026-10-06T21:50:54+00:00,fanduel,38.5,-114.0,-114.0,0.48,-9.9,2026-10-07T18:06:09.186389+00:00,38.5,-114.0,-114.0,3
031164b8d704599d8023a3e104f9a6c0|devin mccuin|Receptions,baseline,Devin McCuin,Ohio State,Maryland,Receptions,2026-10-10T20:15:00Z,2026-10-06T21:50:54+00:00,fanduel,3.5,-118.0,-112.0,0.4245,,2026-10-07T18:06:09.186389+00:00,3.5,-118.0,-112.0,3
031164b8d704599d8023a3e104f9a6c0|jeremiah smith|Reception Yards,baseline,Jeremiah Smith,Ohio State,Maryland,Reception Yards,2026-10-10T20:15:00Z,2026-10-06T21:50:54+00:00,fanduel,149.5,-114.0,-114.0,0.054,,2026-10-07T18:06:09.186389+00:00,149.5,-114.0,-114.0,3
031164b8d704599d8023a3e104f9a6c0|jeremiah smith|Receptions,baseline,Jeremiah Smith,Ohio State,Maryland,Receptions,2026-10-10T20:15:00Z,2026-10-06T21:50:54+00:00,fanduel,8.5,-138.0,104.0,0.156,,2026-10-07T18:06:09.186389+00:00,8.5,-138.0,104.0,3
bdfaffbf5873812f3e04de2cbd273aa6|dilin jones|Reception Yards,baseline,Dilin Jones,LSU,Kentucky,Reception Yards,2026-10-10T23:00:00Z,2026-10-06T21:50:54+00:00,fanduel,9.5,-114.0,-114.0,0.4995,-6.2,2026-10-07T18:06:09.186389+00:00,9.5,-114.0,-114.0,3
bdfaffbf5873812f3e04de2cbd273aa6|dilin jones|Receptions,baseline,Dilin Jones,LSU,Kentucky,Receptions,2026-10-10T23:00:00Z,2026-10-07T14:16:07+00:00,fliff,2.5,100.0,-155.0,0.262,,2026-10-07T18:06:09.186389+00:00,2.5,-105.0,-150.0,2
bdfaffbf5873812f3e04de2cbd273aa6|eugene wilson iii|Reception Yards,baseline,Eugene Wilson III,,,Reception Yards,2026-10-10T23:00:00Z,2026-10-06T21:50:54+00:00,fanduel,35.5,-114.0,-114.0,,,2026-10-07T18:06:09.186389+00:00,35.5,-114.0,-114.0,3
bdfaffbf5873812f3e04de2cbd273aa6|eugene wilson iii|Receptions,baseline,Eugene Wilson III,,,Receptions,2026-10-10T23:00:00Z,2026-10-07T14:16:07+00:00,betonlineag,3.5,118.0,-154.0,,,2026-10-07T18:06:09.186389+00:00,3.5,120.0,-156.0,2
bdfaffbf5873812f3e04de2cbd273aa6|henry boyer|Reception Yards,baseline,Henry Boyer,Kentucky,LSU,Reception Yards,2026-10-10T23:00:00Z,2026-10-07T14:16:07+00:00,betonlineag,6.5,-114.0,-114.0,0.7825,46.9,2026-10-07T15:05:00.497360+00:00,6.5,-114.0,-114.0,1
bdfaffbf5873812f3e04de2cbd273aa6|henry boyer|Reception Yards,rec_yds_over,Henry Boyer,Kentucky,LSU,Reception Yards,2026-10-10T23:00:00Z,2026-10-07T14:16:07+00:00,betonlineag,6.5,-114.0,-114.0,0.7825,46.9,2026-10-07T15:05:00.497360+00:00,6.5,-114.0,-114.0,1
bdfaffbf5873812f3e04de2cbd273aa6|jackson harris|Reception Yards,baseline,Jackson Harris,LSU,Kentucky,Reception Yards,2026-10-10T23:00:00Z,2026-10-06T21:50:54+00:00,fanduel,46.5,-118.0,-112.0,0.5125,-5.3,2026-10-07T18:06:09.186389+00:00,46.5,-118.0,-112.0,3
bdfaffbf5873812f3e04de2cbd273aa6|jackson harris|Receptions,baseline,Jackson Harris,LSU,Kentucky,Receptions,2026-10-10T23:00:00Z,2026-10-07T14:16:07+00:00,betonlineag,3.5,126.0,-164.0,0.4065,,2026-10-07T18:06:09.186389+00:00,3.5,126.0,-164.0,2
bdfaffbf5873812f3e04de2cbd273aa6|kenny darby|Reception Yards,baseline,Kenny Darby,Kentucky,LSU,Reception Yards,2026-10-10T23:00:00Z,2026-10-06T21:50:54+00:00,fanduel,57.5,-114.0,-114.0,0.381,,2026-10-07T18:06:09.186389+00:00,57.5,-114.0,-114.0,3
bdfaffbf5873812f3e04de2cbd273aa6|nic anderson|Reception Yards,baseline,Nic Anderson,Kentucky,LSU,Reception Yards,2026-10-10T23:00:00Z,2026-10-06T21:50:54+00:00,fanduel,22.5,-114.0,-114.0,0.5995,12.5,2026-10-07T18:06:09.186389+00:00,22.5,-114.0,-114.0,3
bdfaffbf5873812f3e04de2cbd273aa6|nic anderson|Reception Yards,rec_yds_over,Nic Anderson,Kentucky,LSU,Reception Yards,2026-10-10T23:00:00Z,2026-10-06T21:50:54+00:00,fanduel,22.5,-114.0,-114.0,0.5995,12.5,2026-10-07T18:06:09.186389+00:00,22.5,-114.0,-114.0,3
bdfaffbf5873812f3e04de2cbd273aa6|willie rodriguez|Reception Yards,baseline,Willie Rodriguez,Kentucky,LSU,Reception Yards,2026-10-10T23:00:00Z,2026-10-06T21:50:54+00:00,fanduel,39.5,-114.0,-114.0,0.4205,-21.1,2026-10-07T18:06:09.186389+00:00,38.5,-114.0,-114.0,3
bdfaffbf5873812f3e04de2cbd273aa6|winston watkins jr|Reception Yards,baseline,Winston Watkins Jr.,,,Reception Yards,2026-10-10T23:00:00Z,2026-10-06T21:50:54+00:00,fanduel,57.5,-114.0,-114.0,,,2026-10-07T18:06:09.186389+00:00,57.5,-114.0,-114.0,3
bdfaffbf5873812f3e04de2cbd273aa6|winston watkins jr|Receptions,baseline,Winston Watkins Jr.,,,Receptions,2026-10-10T23:00:00Z,2026-10-07T14:16:07+00:00,betonlineag,4.5,-119.0,-109.0,,,2026-10-07T18:06:09.186389+00:00,4.5,-119.0,-109.0,2
4462f1fa168ab2a5a25fe2807ebec8ac|benjamin brahmer|Reception Yards,baseline,Benjamin Brahmer,Penn State,USC,Reception Yards,2026-10-10T23:30:00Z,2026-10-07T14:16:07+00:00,betonlineag,36.5,-108.0,-120.0,0.496,-4.5,2026-10-07T15:05:00.497360+00:00,35.5,-112.0,-115.0,1
4462f1fa168ab2a5a25fe2807ebec8ac|benjamin brahmer|Receptions,baseline,Benjamin Brahmer,Penn State,USC,Receptions,2026-10-10T23:30:00Z,2026-10-07T15:05:00.497360+00:00,fanduel,3.5,-128.0,-104.0,0.4265,,2026-10-07T18:06:09.186389+00:00,3.5,-128.0,-104.0,1
4462f1fa168ab2a5a25fe2807ebec8ac|brett eskildsen|Reception Yards,baseline,Brett Eskildsen,Penn State,USC,Reception Yards,2026-10-10T23:30:00Z,2026-10-07T14:16:07+00:00,betonlineag,43.5,-112.0,-115.0,0.345,,2026-10-07T18:06:09.186389+00:00,44.5,-110.0,-118.0,2
4462f1fa168ab2a5a25fe2807ebec8ac|chase sowell|Reception Yards,baseline,Chase Sowell,Penn State,USC,Reception Yards,2026-10-10T23:30:00Z,2026-10-07T14:16:07+00:00,betonlineag,66.5,-110.0,-118.0,0.35,,2026-10-07T18:06:09.186389+00:00,66.5,-110.0,-118.0,2
4462f1fa168ab2a5a25fe2807ebec8ac|chase sowell|Receptions,baseline,Chase Sowell,Penn State,USC,Receptions,2026-10-10T23:30:00Z,2026-10-07T15:05:00.497360+00:00,fanduel,4.5,112.0,-148.0,0.4155,,2026-10-07T18:06:09.186389+00:00,4.5,112.0,-148.0,1
4462f1fa168ab2a5a25fe2807ebec8ac|king miller|Reception Yards,baseline,King Miller,USC,Penn State,Reception Yards,2026-10-10T23:30:00Z,2026-10-07T14:16:07+00:00,fliff,3.5,-120.0,-125.0,0.4405,-19.2,2026-10-07T18:06:09.186389+00:00,3.5,-130.0,-120.0,2
4462f1fa168ab2a5a25fe2807ebec8ac|king miller|Receptions,baseline,King Miller,USC,Penn State,Receptions,2026-10-10T23:30:00Z,2026-10-07T14:16:07+00:00,fliff,0.5,-230.0,145.0,0.5655,-18.9,2026-10-07T18:06:09.186389+00:00,0.5,-260.0,160.0,2
4462f1fa168ab2a5a25fe2807ebec8ac|mark bowman|Reception Yards,baseline,Mark Bowman,USC,Penn State,Reception Yards,2026-10-10T23:30:00Z,2026-10-07T14:16:07+00:00,betonlineag,36.5,-114.0,-114.0,0.503,-5.6,2026-10-07T18:06:09.186389+00:00,37.5,-110.0,-118.0,2
4462f1fa168ab2a5a25fe2807ebec8ac|mark bowman|Receptions,baseline,Mark Bowman,USC,Penn State,Receptions,2026-10-10T23:30:00Z,2026-10-07T14:16:07+00:00,betonlineag,3.5,-128.0,-101.0,0.4685,-16.5,2026-10-07T18:06:09.186389+00:00,3.5,-132.0,102.0,2
4462f1fa168ab2a5a25fe2807ebec8ac|tanook hines|Reception Yards,baseline,Tanook Hines,USC,Penn State,Reception Yards,2026-10-10T23:30:00Z,2026-10-07T14:16:07+00:00,betonlineag,35.5,-112.0,-115.0,0.413,-21.8,2026-10-07T18:06:09.186389+00:00,35.5,-110.0,-118.0,2
4462f1fa168ab2a5a25fe2807ebec8ac|tanook hines|Receptions,baseline,Tanook Hines,USC,Penn State,Receptions,2026-10-10T23:30:00Z,2026-10-07T14:16:07+00:00,betonlineag,2.5,-128.0,-101.0,0.5045,-10.1,2026-10-07T18:06:09.186389+00:00,2.5,-127.0,-102.0,2
4462f1fa168ab2a5a25fe2807ebec8ac|waymond jordan|Reception Yards,baseline,Waymond Jordan,USC,Penn State,Reception Yards,2026-10-10T23:30:00Z,2026-10-07T14:16:07+00:00,fliff,4.5,-125.0,-125.0,0.3755,-32.4,2026-10-07T18:06:09.186389+00:00,3.5,-130.0,-120.0,2
4462f1fa168ab2a5a25fe2807ebec8ac|waymond jordan|Receptions,baseline,Waymond Jordan,USC,Penn State,Receptions,2026-10-10T23:30:00Z,2026-10-07T14:16:07+00:00,fliff,0.5,-250.0,155.0,0.54,-24.4,2026-10-07T18:06:09.186389+00:00,0.5,-225.0,140.0,2
59f8c98dee8ce77cc17c5b4958e4f325|kaleb edwards|Reception Yards,baseline,Kaleb Edwards,Alabama,Georgia,Reception Yards,2026-10-10T23:30:00Z,2026-10-06T21:50:54+00:00,fanduel,23.5,-114.0,-114.0,0.511,-4.1,2026-10-07T18:06:09.186389+00:00,23.5,-114.0,-114.0,3
59f8c98dee8ce77cc17c5b4958e4f325|kaleb edwards|Receptions,baseline,Kaleb Edwards,Alabama,Georgia,Receptions,2026-10-10T23:30:00Z,2026-10-07T14:16:07+00:00,betonlineag,1.5,-185.0,142.0,0.639,-1.6,2026-10-07T18:06:09.186389+00:00,1.5,-192.0,147.0,2
59f8c98dee8ce77cc17c5b4958e4f325|lotzeir brooks|Reception Yards,baseline,Lotzeir Brooks,Alabama,Georgia,Reception Yards,2026-10-10T23:30:00Z,2026-10-06T21:50:54+00:00,fanduel,54.5,-114.0,-114.0,0.3795,,2026-10-07T18:06:09.186389+00:00,54.5,-114.0,-114.0,3
59f8c98dee8ce77cc17c5b4958e4f325|lotzeir brooks|Receptions,baseline,Lotzeir Brooks,Alabama,Georgia,Receptions,2026-10-10T23:30:00Z,2026-10-06T21:50:54+00:00,fanduel,3.5,-130.0,-102.0,0.4895,-13.4,2026-10-07T18:06:09.186389+00:00,3.5,-130.0,-102.0,3
59f8c98dee8ce77cc17c5b4958e4f325|marshall pritchett|Reception Yards,baseline,Marshall Pritchett,Alabama,Georgia,Reception Yards,2026-10-10T23:30:00Z,2026-10-06T21:50:54+00:00,fanduel,20.5,-114.0,-114.0,0.5255,-1.4,2026-10-07T18:06:09.186389+00:00,20.5,-114.0,-114.0,3
59f8c98dee8ce77cc17c5b4958e4f325|marshall pritchett|Receptions,baseline,Marshall Pritchett,Alabama,Georgia,Receptions,2026-10-10T23:30:00Z,2026-10-07T14:16:07+00:00,betonlineag,1.5,-147.0,113.0,0.569,-4.4,2026-10-07T18:06:09.186389+00:00,1.5,-147.0,113.0,2
59f8c98dee8ce77cc17c5b4958e4f325|rico scott|Reception Yards,baseline,Rico Scott,Alabama,Georgia,Reception Yards,2026-10-10T23:30:00Z,2026-10-06T21:50:54+00:00,fanduel,37.5,-114.0,-114.0,0.596,11.9,2026-10-07T18:06:09.186389+00:00,37.5,-114.0,-114.0,3
59f8c98dee8ce77cc17c5b4958e4f325|rico scott|Reception Yards,rec_yds_over,Rico Scott,Alabama,Georgia,Reception Yards,2026-10-10T23:30:00Z,2026-10-06T21:50:54+00:00,fanduel,37.5,-114.0,-114.0,0.596,11.9,2026-10-07T18:06:09.186389+00:00,37.5,-114.0,-114.0,3
59f8c98dee8ce77cc17c5b4958e4f325|rico scott|Receptions,baseline,Rico Scott,Alabama,Georgia,Receptions,2026-10-10T23:30:00Z,2026-10-06T21:50:54+00:00,fanduel,3.5,-118.0,-112.0,0.4655,-14.0,2026-10-07T18:06:09.186389+00:00,3.5,-118.0,-112.0,3
59f8c98dee8ce77cc17c5b4958e4f325|ryan colemanwilliams|Reception Yards,baseline,Ryan Coleman-Williams,,,Reception Yards,2026-10-10T23:30:00Z,2026-10-06T21:50:54+00:00,fanduel,64.5,-114.0,-114.0,,,2026-10-07T18:06:09.186389+00:00,64.5,-114.0,-114.0,3
59f8c98dee8ce77cc17c5b4958e4f325|ryan colemanwilliams|Receptions,baseline,Ryan Coleman-Williams,,,Receptions,2026-10-10T23:30:00Z,2026-10-06T21:50:54+00:00,fanduel,4.5,134.0,-180.0,,,2026-10-07T18:06:09.186389+00:00,4.5,134.0,-180.0,3
59f8c98dee8ce77cc17c5b4958e4f325|ryan williams|Reception Yards,baseline,Ryan Williams,Alabama,Georgia,Reception Yards,2026-10-10T23:30:00Z,2026-10-07T14:16:07+00:00,betonlineag,60.5,-114.0,-114.0,0.387,,2026-10-07T18:06:09.186389+00:00,57.5,-114.0,-114.0,2
59f8c98dee8ce77cc17c5b4958e4f325|ryan williams|Receptions,baseline,Ryan Williams,Alabama,Georgia,Receptions,2026-10-10T23:30:00Z,2026-10-07T14:16:07+00:00,betonlineag,4.5,103.0,-133.0,0.322,,2026-10-07T18:06:09.186389+00:00,4.5,103.0,-133.0,2
59f8c98dee8ce77cc17c5b4958e4f325|talyn taylor|Reception Yards,baseline,Talyn Taylor,Georgia,Alabama,Reception Yards,2026-10-10T23:30:00Z,2026-10-06T21:50:54+00:00,fanduel,35.5,-114.0,-114.0,0.554,4.0,2026-10-07T18:06:09.186389+00:00,35.5,-114.0,-114.0,3
59f8c98dee8ce77cc17c5b4958e4f325|talyn taylor|Reception Yards,rec_yds_over,Talyn Taylor,Georgia,Alabama,Reception Yards,2026-10-10T23:30:00Z,2026-10-07T14:16:07+00:00,betonlineag,28.5,-111.0,-116.0,0.636,20.9,2026-10-07T18:06:09.186389+00:00,28.5,-114.0,-114.0,2
59f8c98dee8ce77cc17c5b4958e4f325|talyn taylor|Receptions,baseline,Talyn Taylor,Georgia,Alabama,Receptions,2026-10-10T23:30:00Z,2026-10-07T14:16:07+00:00,betonlineag,2.5,136.0,-179.0,0.5675,33.9,2026-10-07T18:06:09.186389+00:00,2.5,134.0,-175.0,2
59f8c98dee8ce77cc17c5b4958e4f325|talyn taylor|Receptions,capped,Talyn Taylor,Georgia,Alabama,Receptions,2026-10-10T23:30:00Z,2026-10-07T14:16:07+00:00,betonlineag,2.5,136.0,-179.0,0.5675,33.9,2026-10-07T18:06:09.186389+00:00,2.5,134.0,-175.0,2
59f8c98dee8ce77cc17c5b4958e4f325|traeshawn brown|Receptions,baseline,Trae'shawn Brown,Alabama,Georgia,Receptions,2026-10-10T23:30:00Z,2026-10-07T14:16:07+00:00,fliff,1.5,125.0,-200.0,0.1955,,2026-10-07T18:06:09.186389+00:00,1.5,130.0,-205.0,2
f7b49f43b10f581d991954dae86b9aa5|dashawn martin|Reception Yards,baseline,Da'Shawn Martin,Virginia,Syracuse,Reception Yards,2026-10-10T23:30:00Z,2026-10-07T18:06:09.186389+00:00,betonlineag,26.5,-115.0,-112.0,0.61,14.0,2026-10-07T18:06:09.186389+00:00,26.5,-115.0,-112.0,0
f7b49f43b10f581d991954dae86b9aa5|dashawn martin|Reception Yards,rec_yds_over,Da'Shawn Martin,Virginia,Syracuse,Reception Yards,2026-10-10T23:30:00Z,2026-10-07T18:06:09.186389+00:00,betonlineag,26.5,-115.0,-112.0,0.61,14.0,2026-10-07T18:06:09.186389+00:00,26.5,-115.0,-112.0,0
f7b49f43b10f581d991954dae86b9aa5|dashawn martin|Receptions,baseline,Da'Shawn Martin,Virginia,Syracuse,Receptions,2026-10-10T23:30:00Z,2026-10-07T18:06:09.186389+00:00,betonlineag,2.5,141.0,-185.0,0.4545,9.5,2026-10-07T18:06:09.186389+00:00,2.5,141.0,-185.0,0
f7b49f43b10f581d991954dae86b9aa5|david clement|Reception Yards,baseline,David Clement,Syracuse,Virginia,Reception Yards,2026-10-10T23:30:00Z,2026-10-07T18:06:09.186389+00:00,betonlineag,10.5,-116.0,-111.0,0.5785,7.7,2026-10-07T18:06:09.186389+00:00,10.5,-116.0,-111.0,0
f7b49f43b10f581d991954dae86b9aa5|jacquon gibson|Reception Yards,baseline,Jacquon Gibson,Virginia,Syracuse,Reception Yards,2026-10-10T23:30:00Z,2026-10-07T18:06:09.186389+00:00,betonlineag,15.5,-119.0,-109.0,0.4555,-16.2,2026-10-07T18:06:09.186389+00:00,15.5,-119.0,-109.0,0
f7b49f43b10f581d991954dae86b9aa5|jacquon gibson|Receptions,baseline,Jacquon Gibson,Virginia,Syracuse,Receptions,2026-10-10T23:30:00Z,2026-10-07T18:06:09.186389+00:00,betonlineag,1.5,-130.0,100.0,0.414,-26.8,2026-10-07T18:06:09.186389+00:00,1.5,-130.0,100.0,0
f7b49f43b10f581d991954dae86b9aa5|kameron courtney|Reception Yards,baseline,Kameron Courtney,Virginia,Syracuse,Reception Yards,2026-10-10T23:30:00Z,2026-10-07T18:06:09.186389+00:00,betonlineag,29.5,-116.0,-111.0,0.6645,23.7,2026-10-07T18:06:09.186389+00:00,29.5,-116.0,-111.0,0
f7b49f43b10f581d991954dae86b9aa5|kameron courtney|Reception Yards,rec_yds_over,Kameron Courtney,Virginia,Syracuse,Reception Yards,2026-10-10T23:30:00Z,2026-10-07T18:06:09.186389+00:00,betonlineag,29.5,-116.0,-111.0,0.6645,23.7,2026-10-07T18:06:09.186389+00:00,29.5,-116.0,-111.0,0
f7b49f43b10f581d991954dae86b9aa5|kameron courtney|Receptions,baseline,Kameron Courtney,Virginia,Syracuse,Receptions,2026-10-10T23:30:00Z,2026-10-07T18:06:09.186389+00:00,betonlineag,2.5,-143.0,110.0,0.678,15.2,2026-10-07T18:06:09.186389+00:00,2.5,-143.0,110.0,0
f7b49f43b10f581d991954dae86b9aa5|kameron courtney|Receptions,official,Kameron Courtney,Virginia,Syracuse,Receptions,2026-10-10T23:30:00Z,2026-10-07T18:06:09.186389+00:00,betonlineag,2.5,-143.0,110.0,0.678,15.2,2026-10-07T18:06:09.186389+00:00,2.5,-143.0,110.0,0
f7b49f43b10f581d991954dae86b9aa5|rico flores jr|Reception Yards,baseline,Rico Flores Jr.,,,Reception Yards,2026-10-10T23:30:00Z,2026-10-07T18:06:09.186389+00:00,betonlineag,33.5,-115.0,-112.0,,,2026-10-07T18:06:09.186389+00:00,33.5,-115.0,-112.0,0
f7b49f43b10f581d991954dae86b9aa5|rico flores jr|Receptions,baseline,Rico Flores Jr.,,,Receptions,2026-10-10T23:30:00Z,2026-10-07T18:06:09.186389+00:00,betonlineag,2.5,-135.0,104.0,,,2026-10-07T18:06:09.186389+00:00,2.5,-135.0,104.0,0
f7b49f43b10f581d991954dae86b9aa5|umari hatcher|Reception Yards,baseline,Umari Hatcher,Syracuse,Virginia,Reception Yards,2026-10-10T23:30:00Z,2026-10-07T18:06:09.186389+00:00,betonlineag,68.5,-112.0,-115.0,0.523,-1.0,2026-10-07T18:06:09.186389+00:00,68.5,-112.0,-115.0,0
616eba68e65fe65023aa2335e81096c8|braden pegan|Reception Yards,baseline,Braden Pegan,Utah,Kansas,Reception Yards,2026-10-11T02:15:00Z,2026-10-06T21:50:54+00:00,fliff,48.5,-125.0,-125.0,0.6255,12.6,2026-10-07T18:06:09.186389+00:00,48.5,-125.0,-125.0,3
616eba68e65fe65023aa2335e81096c8|braden pegan|Reception Yards,rec_yds_over,Braden Pegan,Utah,Kansas,Reception Yards,2026-10-11T02:15:00Z,2026-10-06T21:50:54+00:00,fliff,48.5,-125.0,-125.0,0.6255,12.6,2026-10-07T18:06:09.186389+00:00,48.5,-125.0,-125.0,3
616eba68e65fe65023aa2335e81096c8|creed whittemore|Reception Yards,baseline,Creed Whittemore,Utah,Kansas,Reception Yards,2026-10-11T02:15:00Z,2026-10-06T21:50:54+00:00,fliff,35.5,-125.0,-125.0,0.365,,2026-10-06T21:50:54+00:00,35.5,-125.0,-125.0,0
616eba68e65fe65023aa2335e81096c8|dylan edwards|Reception Yards,baseline,Dylan Edwards,Kansas,Utah,Reception Yards,2026-10-11T02:15:00Z,2026-10-06T21:50:54+00:00,fliff,11.5,-120.0,-130.0,0.507,-7.0,2026-10-06T21:50:54+00:00,11.5,-120.0,-130.0,0
616eba68e65fe65023aa2335e81096c8|keaton kubecka|Reception Yards,baseline,Keaton Kubecka,Kansas,Utah,Reception Yards,2026-10-11T02:15:00Z,2026-10-06T21:50:54+00:00,fliff,22.5,-120.0,-130.0,0.5105,-6.4,2026-10-06T21:50:54+00:00,22.5,-120.0,-130.0,0
616eba68e65fe65023aa2335e81096c8|nahzae cox|Reception Yards,baseline,Nahzae Cox,Kansas,Utah,Reception Yards,2026-10-11T02:15:00Z,2026-10-06T21:50:54+00:00,fliff,33.5,-125.0,-125.0,0.404,,2026-10-07T18:06:09.186389+00:00,33.5,-125.0,-125.0,3
616eba68e65fe65023aa2335e81096c8|nik mcmillan|Reception Yards,baseline,Nik McMillan,Kansas,Utah,Reception Yards,2026-10-11T02:15:00Z,2026-10-06T21:50:54+00:00,fliff,42.5,-125.0,-125.0,0.549,-1.2,2026-10-07T18:06:09.186389+00:00,42.5,-125.0,-125.0,3
616eba68e65fe65023aa2335e81096c8|nik mcmillan|Reception Yards,rec_yds_over,Nik McMillan,Kansas,Utah,Reception Yards,2026-10-11T02:15:00Z,2026-10-07T14:16:07+00:00,fanduel,38.5,-114.0,-114.0,0.596,11.9,2026-10-07T18:06:09.186389+00:00,38.5,-114.0,-114.0,2
616eba68e65fe65023aa2335e81096c8|noah bennee|Reception Yards,baseline,Noah Bennee,Utah,Kansas,Reception Yards,2026-10-11T02:15:00Z,2026-10-06T21:50:54+00:00,fliff,25.5,-125.0,-125.0,0.614,10.5,2026-10-07T15:05:00.497360+00:00,24.5,-125.0,-125.0,1
616eba68e65fe65023aa2335e81096c8|noah bennee|Reception Yards,rec_yds_over,Noah Bennee,Utah,Kansas,Reception Yards,2026-10-11T02:15:00Z,2026-10-06T21:50:54+00:00,fliff,25.5,-125.0,-125.0,0.614,10.5,2026-10-07T15:05:00.497360+00:00,24.5,-125.0,-125.0,1
616eba68e65fe65023aa2335e81096c8|ricky johnson|Reception Yards,baseline,Ricky Johnson,Utah,Kansas,Reception Yards,2026-10-11T02:15:00Z,2026-10-06T21:50:54+00:00,fliff,24.5,-130.0,-120.0,0.587,3.9,2026-10-07T18:06:09.186389+00:00,25.5,-125.0,-125.0,1
616eba68e65fe65023aa2335e81096c8|ricky johnson|Reception Yards,rec_yds_over,Ricky Johnson,Utah,Kansas,Reception Yards,2026-10-11T02:15:00Z,2026-10-07T14:16:07+00:00,fanduel,19.5,-114.0,-114.0,0.674,26.5,2026-10-07T18:06:09.186389+00:00,19.5,-114.0,-114.0,2
616eba68e65fe65023aa2335e81096c8|wayshawn parker|Reception Yards,baseline,Wayshawn Parker,Utah,Kansas,Reception Yards,2026-10-11T02:15:00Z,2026-10-06T21:50:54+00:00,fliff,20.5,-125.0,-125.0,0.529,-4.8,2026-10-07T18:06:09.186389+00:00,20.5,-125.0,-125.0,3
